,,demturnout,demturnout,demturnout,dem,dem,dem,AGE18PLUS_TOT,AGE18PLUS_TOT,AGE18PLUS_TOT
year,,2012,2016,2020,2012,2016,2020,2012,2016,2020
state,county,,,,,,,,,
Arizona,APACHE COUNTY,0.3390008105810482,0.3320698234973952,0.4439975601387671,17147,17083,23293,50581,51444,52462
Arizona,COCHISE COUNTY,0.18090834601428069,0.1778525200020384,0.2398407260305814,18546,17450,23732,102516,98115,98949
Arizona,COCONINO COUNTY,0.2776992074415073,0.292544643663218,0.389606540801562,29257,32404,44698,105355,110766,114726
Arizona,GILA COUNTY,0.18327935993904182,0.16488121865655828,0.20623097500230606,7697,7003,8943,41996,42473,43364
Arizona,GRAHAM COUNTY,0.13552893462015098,0.12062854010597479,0.14161839564683168,3609,3301,4034,26629,27365,28485
Arizona,GREENLEE COUNTY,0.21074646074646075,0.15753029428736295,0.17058738634723625,1310,1092,1182,6216,6932,6929
Arizona,LA PAZ COUNTY,0.1108294523374403,0.0919224932881989,0.12703101920236337,1880,1575,2236,16963,17134,17602
Arizona,MARICOPA COUNTY,0.20513058049398525,0.218852513120434,0.30316961143917115,602288,702907,1040774,2936120,3211784,3432976
Arizona,MOHAVE COUNTY,0.11943136655457047,0.10348609711270529,0.1404293583377634,19533,17455,24831,163550,168670,176822
Arizona,NAVAJO COUNTY,0.22154091544968427,0.208478998834676,0.2858417681286979,16945,16459,23383,76487,78948,81804
Arizona,PIMA COUNTY,0.2609815971605343,0.2813449798065183,0.3665760386166842,201251,224661,304981,771131,798525,831972
Arizona,PINAL COUNTY,0.15492204245617838,0.15012177881706848,0.20838177151973364,44306,47892,75106,285989,319021,360425
Arizona,SANTA CRUZ COUNTY,0.283595922150139,0.34818609638410675,0.38501890220672275,9486,11690,13138,33449,33574,34123
Arizona,YAVAPAI COUNTY,0.1956901774123756,0.19062156878498165,0.2509917823746104,33918,35590,49602,173325,186705,197624
Arizona,YUMA COUNTY,0.12206975801000405,0.15936087255016257,0.20103858492803556,18059,24605,32210,147940,154398,160218
Florida,ALACHUA COUNTY,0.3373212341197822,0.3504927793494943,0.40635277276968934,69699,75820,89704,206625,216324,220754
Florida,BAKER COUNTY,0.11459882971337895,0.10039931545921278,0.09159584513692162,2311,2112,2037,20166,21036,22239
Florida,BAY COUNTY,0.16371546725467923,0.15158701457661067,0.18464266662822046,22051,21797,25614,134691,143792,138722
Florida,BRADFORD COUNTY,0.15452179570592062,0.13689138576779025,0.13902331720193578,3325,2924,3160,21518,21360,22730
Florida,BREVARD COUNTY,0.2780558494524475,0.25471312609341545,0.30144666965646416,122993,119679,148549,442332,469858,492787
Florida,BROWARD COUNTY,0.3584718444397273,0.3681366094732703,0.4011220360013562,508312,553320,618752,1417997,1503029,1542553
Florida,CALHOUN COUNTY,0.14403185319830347,0.1092333421353754,0.10702903682719547,1664,1241,1209,11553,11361,11296
Florida,CHARLOTTE COUNTY,0.2555514433752776,0.21533657405917006,0.25377148380047904,35906,33445,42273,140504,155315,166579
Florida,CITRUS COUNTY,0.24150162075929604,0.18730787565959264,0.2122166345506102,28460,22789,27092,117846,121666,127662
Florida,CLAY COUNTY,0.17746346907703012,0.17636878839168552,0.22686473492877357,25759,27822,38317,145151,157749,168898
Florida,COLLIER COUNTY,0.191784480807826,0.2030022465338243,0.24245424758001793,51698,61085,77621,269563,300908,320147
Florida,COLUMBIA COUNTY,0.1595459858969041,0.1407983699175697,0.15848238096931339,8462,7601,8914,53038,53985,56246
Florida,DESOTO COUNTY,0.15178181818181818,0.12969950603732164,0.13805958053745665,4174,3781,4259,27500,29152,30849
Florida,DIXIE COUNTY,0.13758800122436485,0.0946207718670839,0.0992510724932742,1798,1270,1365,13068,13422,13753
Florida,DUVAL COUNTY,0.2906814733168541,0.2873940281324921,0.3403687566289806,196737,205704,252556,676813,715756,742007
Florida,ESCAMBIA COUNTY,0.24309283777516888,0.2335328854587057,0.28136937937600415,58185,57461,70929,239353,246051,252085
Florida,FLAGLER COUNTY,0.2912013451451803,0.24855556558635009,0.293484377931092,23207,22026,28161,79694,88616,95954
Florida,FRANKLIN COUNTY,0.19081600992863793,0.17626844552253892,0.2066679664651979,1845,1744,2120,9669,9894,10258
Florida,GADSDEN COUNTY,0.4392145940676786,0.41762824968719586,0.4511507094179421,15770,15020,16153,35905,35965,35804
Florida,GILCHRIST COUNTY,0.14104002992891881,0.10406852248394004,0.11420893516963386,1885,1458,1700,13365,14010,14885
Florida,GLADES COUNTY,0.15423842971230636,0.11280731339309488,0.1171445487608898,1603,1271,1385,10393,11267,11823
Florida,GULF COUNTY,0.15134891410535808,0.12661023187338977,0.17807481833677222,2014,1720,1985,13307,13585,11147
Florida,HAMILTON COUNTY,0.186756077116513,0.16473438311126493,0.16800753166723725,2228,1904,1963,11930,11558,11684
Florida,HARDEE COUNTY,0.12355774054379452,0.10709658128177016,0.11444793067383834,2463,2149,2298,19934,20066,20079
Florida,HENDRY COUNTY,0.17450231396459268,0.15767535617889233,0.16003246753246753,4751,4615,4929,27226,29269,30800
Florida,HERNANDO COUNTY,0.27122556962388333,0.21411927915308568,0.23662037562593813,37830,31795,37519,139478,148492,158562
Florida,HIGHLANDS COUNTY,0.20051407497547588,0.176905311778291,0.19171477079796265,16148,14937,16938,80533,84435,88350
Florida,HILLSBOROUGH COUNTY,0.29199951480704917,0.2852016491705517,0.3282089070661795,286467,307896,376367,981053,1079573,1146730
Florida,HOLMES COUNTY,0.080896,0.055106919051618325,0.05913978494623656,1264,853,924,15625,15479,15624
Florida,INDIAN RIVER COUNTY,0.2393251677939986,0.23098029235394232,0.28053996753078275,27492,29043,37844,114873,125738,134897
Florida,JACKSON COUNTY,0.184384339134584,0.16291448072123466,0.17972215581586845,7342,6397,6766,39819,39266,37647
Florida,JEFFERSON COUNTY,0.338452299245024,0.3081810269799826,0.32780955585464333,3945,3541,3897,11656,11490,11888
Florida,LAFAYETTE COUNTY,0.09821300929235167,0.07435050954499785,0.07562277580071175,687,518,510,6995,6967,6744
Florida,LAKE COUNTY,0.25517902047658964,0.23345097893524538,0.28046281990998856,61799,62838,83505,242179,269170,297740
Florida,LEE COUNTY,0.21128940685443343,0.21116160181766544,0.24753244551602027,110157,124908,157695,521356,591528,637068
Florida,LEON COUNTY,0.39519663947400463,0.3953011086017535,0.4332814318122839,90881,92068,103517,229964,232906,238914
Florida,LEVY COUNTY,0.19335166050494518,0.15958079149069296,0.18557286837934026,6119,5101,6205,31647,31965,33437
Florida,LIBERTY COUNTY,0.14199577931866145,0.09615952732644018,0.10055056505360765,942,651,694,6634,6770,6902
Florida,MADISON COUNTY,0.2764098490865767,0.238840344103502,0.24834305408271473,4176,3526,3747,15108,14763,15088
Florida,MANATEE COUNTY,0.24924573771536296,0.23416391868833486,0.27260249123231345,66503,71224,90166,266817,304163,330760
Florida,MARION COUNTY,0.24693871518412047,0.21982893021146324,0.2511465619915119,66831,62041,74858,270638,282224,298065
Florida,MARTIN COUNTY,0.24433533517286155,0.2287764985864894,0.27345162916184884,30107,30185,36893,123220,131941,134916
Florida,MIAMI-DADE COUNTY,0.26690788808837773,0.2921223575312261,0.2850897976754992,541440,624146,617864,2028565,2136591,2167261
Florida,MONROE COUNTY,0.3069087688219663,0.29068983481965005,0.34744430506375346,19404,18971,21881,63224,65262,62977
Florida,NASSAU COUNTY,0.17437232088181262,0.16991573780230432,0.21871838111298483,10251,10869,15564,58788,63967,71160
Florida,OKALOOSA COUNTY,0.15914140693479015,0.15274039912903287,0.20895668090298963,23421,23780,34248,147171,155689,163900
Florida,OKEECHOBEE COUNTY,0.15892132478073046,0.12432483356362266,0.13220104194898666,4856,3959,4390,30556,31844,33207
Florida,ORANGE COUNTY,0.2957143490048485,0.3211688070196959,0.3632319323805653,273665,329894,395014,925437,1027167,1087498
Florida,OSCEOLA COUNTY,0.3132421793109874,0.3363600939909551,0.34121219985200824,67239,85458,97297,214655,254067,285151
Florida,PALM BEACH COUNTY,0.3223415769201694,0.3203751746499732,0.35744040969801094,349651,374673,433572,1084722,1169482,1212991
Florida,PASCO COUNTY,0.2641194495215568,0.2220979338008111,0.26949836136812183,98263,90142,119073,372040,405866,441832
Florida,PINELLAS COUNTY,0.31392319973111504,0.29222414508860467,0.33837387843907746,239104,233701,277450,761664,799732,819951
Florida,POLK COUNTY,0.24168191824031982,0.22734761439205475,0.2564778566401788,114622,117433,145049,474268,516535,565542
Florida,PUTNAM COUNTY,0.20510521596962186,0.17778952003522677,0.17917382942147636,11667,10094,10527,56883,56775,58753
Florida,SANTA ROSA COUNTY,0.14589645687071479,0.13984170863786116,0.19159167077207032,17768,18464,27612,121785,132035,144119
Florida,SARASOTA COUNTY,0.29089446707524436,0.2774596298648281,0.32216792107677206,95119,97870,120110,326988,352736,372818
Florida,SEMINOLE COUNTY,0.28763536264214756,0.295238068690225,0.3547057501043819,96445,105914,132528,335303,358741,373628
Florida,ST. JOHNS COUNTY,0.22431157572667007,0.23527196104548334,0.3077390218863414,35190,43099,63850,156880,183188,207481
Florida,ST. LUCIE COUNTY,0.2971006648444336,0.27445452568253537,0.3184763764923198,65869,66881,84137,221706,243687,264186
Florida,SUMTER COUNTY,0.20918422011271348,0.19984463002524763,0.23849624060150376,19524,22638,29341,93334,113278,123025
Florida,SUWANNEE COUNTY,0.13914597000937207,0.11439785287581888,0.12786520697913104,4751,3964,4485,34144,34651,35076
Florida,TAYLOR COUNTY,0.15026639121452648,0.12123260661371191,0.13281340265742345,2764,2152,2299,18394,17751,17310
Florida,UNION COUNTY,0.10876451953537487,0.08221177233663045,0.08613496932515337,1339,1014,1053,12311,12334,12225
Florida,VOLUSIA COUNTY,0.2832220993602401,0.25124191917679817,0.28603003671348587,114748,109091,130575,405152,434207,456508
Florida,WAKULLA COUNTY,0.21401100037219303,0.17352436444905614,0.2000299054240963,5175,4348,5351,24181,25057,26751
Florida,WALTON COUNTY,0.14639338146546996,0.13212151490113944,0.1752589553630461,6671,6876,10338,45569,52043,58987
Florida,WASHINGTON COUNTY,0.1437308868501529,0.11565181855333061,0.11506030002941464,2820,2264,2347,19620,19576,20398
Georgia,APPLING COUNTY,0.12791036088474972,0.10377768128528007,0.128234700497369,1758,1434,1779,13744,13818,13873
Georgia,ATKINSON COUNTY,0.157600406710727,0.11634117843431814,0.13692946058091288,930,697,825,5901,5991,6025
Georgia,BACON COUNTY,0.09603010804904698,0.07257968246388923,0.07502100588164685,791,608,625,8237,8377,8331
Georgia,BAKER COUNTY,0.3055021161985379,0.253411306042885,0.26644871270944015,794,650,652,2599,2565,2447
Georgia,BALDWIN COUNTY,0.2268849126748509,0.21803359413470483,0.24971313043003115,8483,7970,9140,37389,36554,36602
Georgia,BANKS COUNTY,0.05673552516729706,0.04846938775510204,0.06226616782469268,780,684,932,13748,14112,14968
Georgia,BARROW COUNTY,0.11875258564646086,0.11639425458147598,0.16908767389194435,6028,6580,10453,50761,56532,61820
Georgia,BARTOW COUNTY,0.11299678344077628,0.10554049017465846,0.1473789413385011,8396,8212,12092,74303,77809,82047
Georgia,BEN HILL COUNTY,0.1936627862154036,0.16337480559875583,0.18976596588655295,2512,2101,2392,12971,12860,12605
Georgia,BERRIEN COUNTY,0.0880359612724758,0.07303801883501919,0.08597560975609755,1273,1047,1269,14460,14335,14760
Georgia,BIBB COUNTY,0.3301192655840934,0.3191155294158469,0.374591739126688,38585,36787,43468,116882,115278,116041
Georgia,BLECKLEY COUNTY,0.1265456721180694,0.10768779342723005,0.12725684333139195,1269,1101,1311,10028,10224,10302
Georgia,BRANTLEY COUNTY,0.06787134080231297,0.04420165666952299,0.04760607505278213,939,619,699,13835,14004,14683
Georgia,BROOKS COUNTY,0.2592959841348537,0.20598060783834432,0.23016003959742617,3138,2528,2790,12102,12273,12122
Georgia,BRYAN COUNTY,0.16213970170143902,0.15862477771191463,0.24085921584045178,3707,4014,6739,22863,25305,27979
Georgia,BULLOCH COUNTY,0.16366955572237768,0.15510744133853652,0.17608181547665658,9593,9261,11243,58612,59707,63851
Georgia,BURKE COUNTY,0.3211717867966011,0.28409295622410374,0.3130220539631032,5405,4731,5209,16829,16653,16641
Georgia,BUTTS COUNTY,0.16194685436787254,0.13668566558355083,0.16507840467907023,2968,2566,3274,18327,18773,19833
Georgia,CALHOUN COUNTY,0.24458262671942718,0.22594863932541204,0.24508850418206574,1298,1179,1260,5307,5218,5141
Georgia,CAMDEN COUNTY,0.1676789987115774,0.14958504654037283,0.19205457657353614,6377,5930,7967,38031,39643,41483
Georgia,CANDLER COUNTY,0.14012353154898874,0.12638580931263857,0.15653139262365856,1157,1026,1269,8257,8118,8107
Georgia,CARROLL COUNTY,0.1516651127208396,0.1414354609929078,0.17710253361981523,12688,12464,16238,83658,88125,91687
Georgia,CATOOSA COUNTY,0.10938933632378428,0.0940209679962163,0.13251008353564123,5365,4771,6932,49045,50744,52313
Georgia,CHARLTON COUNTY,0.11131777178461824,0.09647352743345824,0.10086877000457248,1197,1004,1103,10753,10407,10935
Georgia,CHATHAM COUNTY,0.28035478286767307,0.27622079926211046,0.34159522271306597,60246,62290,78254,214892,225508,229084
Georgia,CHATTAHOOCHEE COUNTY,0.08150715563506261,0.07488653555219364,0.07896294542441103,729,594,667,8944,7932,8447
Georgia,CHATTOOGA COUNTY,0.11226234785232873,0.08359678673231408,0.0963216957605985,2232,1613,1854,19882,19295,19248
Georgia,CHEROKEE COUNTY,0.12289253638897492,0.13985521706354487,0.21732660948347224,19841,25231,42794,161450,180408,196911
Georgia,CLARKE COUNTY,0.2568502489622365,0.2874607937386508,0.3390232203820218,25431,29603,36048,99011,102981,106329
Georgia,CLAY COUNTY,0.35444078947368424,0.29508890770533447,0.34543069523393094,862,697,790,2432,2362,2287
Georgia,CLAYTON COUNTY,0.42833186138447304,0.3906878243453157,0.45113734088095486,81479,78220,95476,190224,200211,211634
Georgia,CLINCH COUNTY,0.17250455557805225,0.1373923492890046,0.15066559096409843,852,686,747,4939,4993,4958
Georgia,COBB COUNTY,0.25150526441076954,0.2826665678081297,0.3803741570664111,133124,160121,221846,529309,566466,583231
Georgia,COFFEE COUNTY,0.15707895881220102,0.12643997652799654,0.1379173290937997,5057,4094,4511,32194,32379,32708
Georgia,COLQUITT COUNTY,0.11882757589352475,0.10380073137102092,0.12347754283523549,3973,3463,4187,33435,33362,33909
Georgia,COLUMBIA COUNTY,0.16925593645829046,0.17228891483616726,0.2490841242523898,16451,18887,29236,97196,109624,117374
Georgia,COOK COUNTY,0.16487686717803796,0.1381076183723312,0.15904526494670168,2042,1753,2059,12385,12693,12946
Georgia,COWETA COUNTY,0.1580724498728584,0.15766005590310128,0.21471331648263936,15168,16583,24210,95956,105182,112755
Georgia,CRAWFORD COUNTY,0.17510007184645388,0.1468582058701943,0.16314779270633398,1706,1421,1615,9743,9676,9899
Georgia,CRISP COUNTY,0.17859358258613883,0.16424477508249868,0.17543035074319957,3167,2837,2986,17733,17273,17021
Georgia,DADE COUNTY,0.1077181464233911,0.07379932701131844,0.09679152594412035,1411,965,1261,13099,13076,13028
Georgia,DAWSON COUNTY,0.07070419325432999,0.0772307856419009,0.1192154606051887,1241,1448,2486,17552,18749,20853
Georgia,DECATUR COUNTY,0.22362396492937164,0.2053069149200976,0.23904780956191238,4591,4124,4780,20530,20087,19996
Georgia,DEKALB COUNTY,0.43929019920965234,0.44014904517931996,0.5269125832524172,238224,251370,308227,542293,571102,584968
Georgia,DODGE COUNTY,0.1451670431577696,0.11013954602623226,0.13044523222976626,2442,1839,2171,16822,16697,16643
Georgia,DOOLY COUNTY,0.19959818308874913,0.16509392362642208,0.1708080085806221,2285,1872,1911,11448,11339,11188
Georgia,DOUGHERTY COUNTY,0.371955187144595,0.3415981594642517,0.3658979588798404,26295,23311,24577,70694,68241,67169
Georgia,DOUGLAS COUNTY,0.2937543250808209,0.297333064817745,0.39358445116625446,28441,31005,42809,96819,104277,108767
Georgia,EARLY COUNTY,0.34880787183045286,0.28112033195020747,0.3182708632623743,2765,2168,2437,7927,7712,7657
Georgia,ECHOLS COUNTY,0.06038394415357766,0.05407279029462738,0.05636179547755653,173,156,167,2865,2885,2963
Georgia,EFFINGHAM COUNTY,0.12808761845580238,0.11287096474090613,0.16307906799890154,4947,4853,7720,38622,42996,47339
Georgia,ELBERT COUNTY,0.20941408821593152,0.1702313107609789,0.1914992683251297,3181,2539,2879,15190,14915,15034
Georgia,EMANUEL COUNTY,0.17184289320730348,0.14537313432835822,0.16932832315641147,2927,2435,2884,17033,16750,17032
Georgia,EVANS COUNTY,0.16095455699416095,0.14533762057877814,0.16883448099974496,1268,1130,1324,7878,7775,7842
Georgia,FANNIN COUNTY,0.10507772020725388,0.09271938283510126,0.11712984054669703,2028,1923,2571,19300,20740,21950
Georgia,FAYETTE COUNTY,0.24490302406095277,0.27333771600300527,0.3753121452894438,19736,23284,33065,80587,85184,88100
Georgia,FLOYD COUNTY,0.13197524779584907,0.12372679869235134,0.15821442217742468,9640,9159,12008,73044,74026,75897
Georgia,FORSYTH COUNTY,0.11108823933031425,0.14862913034664504,0.2363333967990861,14571,23462,42203,131166,157856,178574
Georgia,FRANKLIN COUNTY,0.08797980983683532,0.07134247833323767,0.08729245438106198,1499,1243,1593,17038,17423,18249
Georgia,FULTON COUNTY,0.3420060912346464,0.3753577606740622,0.4559662353571702,255470,297051,381144,746975,791381,835904
Georgia,GILMER COUNTY,0.08792096991468343,0.0821350944658084,0.11526063369761774,1958,1965,2932,22270,23924,25438
Georgia,GLASCOCK COUNTY,0.07642205818497612,0.06049978079789566,0.0665807560137457,176,138,155,2303,2281,2328
Georgia,GLYNN COUNTY,0.19313131313131313,0.18084501850685752,0.2367702974726012,11950,11775,15879,61875,65111,67065
Georgia,GORDON COUNTY,0.08361082079576113,0.07451044692213998,0.09936761939300529,3440,3181,4384,41143,42692,44119
Georgia,GRADY COUNTY,0.18186170212765956,0.16202409120240913,0.19529437159354596,3419,3013,3619,18800,18596,18531
Georgia,GREENE COUNTY,0.24829351535836178,0.23420455377406837,0.27467580460928576,3201,3199,4088,12892,13659,14883
Georgia,GWINNETT COUNTY,0.22140886678106741,0.25321176137108303,0.3518804147592842,132509,166153,241827,598481,656182,687242
Georgia,HABERSHAM COUNTY,0.0692134155512107,0.0729157489795319,0.1011382667688552,2301,2483,3563,33245,34053,35229
Georgia,HALL COUNTY,0.09729207831866356,0.1115362079068004,0.16292193337585753,12999,16180,25031,133608,145065,153638
Georgia,HANCOCK COUNTY,0.44006917653319144,0.37244897959183676,0.41602787456445994,3308,2701,2985,7517,7252,7175
Georgia,HARALSON COUNTY,0.0839906103286385,0.0674624954262715,0.07916243318460926,1789,1475,1792,21300,21864,22637
Georgia,HARRIS COUNTY,0.16490948876069225,0.15550903901046623,0.19685437033296058,4145,4086,5457,25135,26275,27721
Georgia,HART COUNTY,0.14410524201646918,0.12885056325391286,0.1519029976423038,2870,2585,3157,19916,20062,20783
Georgia,HEARD COUNTY,0.10778851620238772,0.08323997311225632,0.08875484704868591,948,743,824,8795,8926,9284
Georgia,HENRY COUNTY,0.2923734758643728,0.3078498419453635,0.41803919331374617,43761,50057,73276,149675,162602,175285
Georgia,HOUSTON COUNTY,0.2111440768608339,0.20067089013061892,0.27421454276307394,22702,22553,32232,107519,112388,117543
Georgia,IRWIN COUNTY,0.15410588870880604,0.12232289950576607,0.13515687851971037,1141,891,1008,7404,7284,7458
Georgia,JACKSON COUNTY,0.09393146859346602,0.09260557571758496,0.14022275638085102,4238,4491,7642,45118,48496,54499
Georgia,JASPER COUNTY,0.17945725124015174,0.14758172433569108,0.16120468692786524,1845,1544,1761,10281,10462,10924
Georgia,JEFF DAVIS COUNTY,0.11580381471389646,0.08238844184345281,0.09197459067728371,1275,901,1028,11010,10936,11177
Georgia,JEFFERSON COUNTY,0.34656364375762505,0.3184166666666667,0.34418171031443345,4261,3821,4061,12295,12000,11799
Georgia,JENKINS COUNTY,0.21241970021413276,0.16142015236452495,0.18192269004167266,1488,1123,1266,7005,6957,6959
Georgia,JOHNSON COUNTY,0.16367741126301266,0.14399797185955127,0.15612622971764406,1305,1136,1222,7973,7889,7827
Georgia,JONES COUNTY,0.19967297360429806,0.1822490107665409,0.22015043012205557,4274,3961,4888,21405,21734,22203
Georgia,LAMAR COUNTY,0.18340734475223797,0.15508642481382798,0.17311002250761287,2602,2270,2615,14187,14637,15106
Georgia,LANIER COUNTY,0.14285714285714285,0.1032539072508327,0.12851557573464498,1114,806,1019,7798,7806,7929
Georgia,LAURENS COUNTY,0.2099717727285431,0.19005798570061364,0.2247869911455143,7513,6752,8073,35781,35526,35914
Georgia,LEE COUNTY,0.15330007674597085,0.14807548579970103,0.20603923695868367,3196,3170,4558,20848,21408,22122
Georgia,LIBERTY COUNTY,0.2305487576338823,0.2167384894533908,0.2974746786574011,10457,9556,13099,45357,44090,44034
Georgia,LINCOLN COUNTY,0.2530312699425654,0.2016154577130187,0.22268777157045314,1586,1273,1435,6268,6314,6444
Georgia,LONG COUNTY,0.128223368308732,0.10331206320267396,0.1427768803989044,1442,1360,2033,11246,13164,14239
Georgia,LOWNDES COUNTY,0.20091313698204777,0.17316136745062877,0.22581550411961476,17470,15064,20117,86953,86994,89086
Georgia,LUMPKIN COUNTY,0.08359775445447888,0.08640485735414315,0.11239348506094272,2055,2220,3126,24582,25693,27813
Georgia,MACON COUNTY,0.28423475258918296,0.2500693353055376,0.27078002085110414,3211,2705,2857,11297,10817,10551
Georgia,MADISON COUNTY,0.11624329993008622,0.10934752220769266,0.14799548767788961,2494,2425,3411,21455,22177,23048
Georgia,MARION COUNTY,0.21326083673161153,0.18301146650573324,0.19764812302125734,1412,1213,1311,6621,6628,6633
Georgia,MCDUFFIE COUNTY,0.2521354199139597,0.23179596440656725,0.26030477142143393,4044,3699,4168,16039,15958,16012
Georgia,MCINTOSH COUNTY,0.25644699140401145,0.19829516101257103,0.21567170341012304,2864,2303,2612,11168,11614,12111
Georgia,MERIWETHER COUNTY,0.26234175298322127,0.23130244436337102,0.25643019499940184,4331,3804,4287,16509,16446,16718
Georgia,MILLER COUNTY,0.18590442941304822,0.1379539415411869,0.16984126984126985,852,623,749,4583,4516,4410
Georgia,MITCHELL COUNTY,0.233680714612918,0.20255146419251957,0.23560981363529135,4081,3493,3995,17464,17245,16956
Georgia,MONROE COUNTY,0.1838985521329317,0.1676053693795175,0.19940868774164203,3785,3571,4384,20582,21306,21985
Georgia,MONTGOMERY COUNTY,0.16492298750363266,0.11946403385049366,0.13334241351130482,1135,847,979,6882,7090,7342
Georgia,MORGAN COUNTY,0.2037900658820046,0.1904046904046904,0.22459499263622976,2753,2663,3355,13509,13986,14938
Georgia,MURRAY COUNTY,0.08744410044719642,0.061089428135075514,0.0759936616928562,2542,1800,2302,29070,29465,30292
Georgia,MUSCOGEE COUNTY,0.28533799815015887,0.27005909300371367,0.336113410876912,42573,39851,49529,149202,147564,147358
Georgia,NEWTON COUNTY,0.29951339867041327,0.28102867534995707,0.3594749161458459,21851,21943,29794,72955,78081,82882
Georgia,OCONEE COUNTY,0.18135203872343916,0.20646664940253784,0.275092686215032,4421,5581,8162,24378,27031,29670
Georgia,OGLETHORPE COUNTY,0.17026954897251134,0.1586380176745798,0.20133895363253163,1914,1831,2436,11241,11542,12099
Georgia,PAULDING COUNTY,0.15391124208560675,0.15890857797760732,0.23761299096072314,15825,18025,29704,102819,113430,125010
Georgia,PEACH COUNTY,0.2835401005395932,0.24177491229733575,0.2712982906374593,6148,5100,5920,21683,21094,21821
Georgia,PICKENS COUNTY,0.08612043779706101,0.08123306789261965,0.10742979569974749,1975,1979,2808,22933,24362,26138
Georgia,PIERCE COUNTY,0.07985223074737141,0.0630850915187928,0.0748502994011976,1124,903,1100,14076,14314,14696
Georgia,PIKE COUNTY,0.1028987706784034,0.09078928100746815,0.10299048792171354,1356,1240,1505,13178,13658,14613
Georgia,POLK COUNTY,0.11954760408743675,0.09290945621880874,0.1150314465408805,3615,2867,3658,30239,30858,31800
Georgia,PULASKI COUNTY,0.1304999464725404,0.12039258451472191,0.13332602979842242,1219,1104,1217,9341,9170,9128
Georgia,PUTNAM COUNTY,0.17666948436179206,0.1616741895773492,0.19386033959293827,2926,2758,3448,16562,17059,17786
Georgia,QUITMAN COUNTY,0.3177570093457944,0.24365750528541227,0.26591760299625467,612,461,497,1926,1892,1869
Georgia,RABUN COUNTY,0.11913495338529727,0.10656040144638772,0.13876066582738844,1559,1444,1984,13086,13551,14298
Georgia,RANDOLPH COUNTY,0.31096275474349966,0.2823321554770318,0.30938715052768007,1770,1598,1671,5692,5660,5401
Georgia,RICHMOND COUNTY,0.3423345968971042,0.31486809004708766,0.3778736458632921,52560,48814,59124,153534,155030,156465
Georgia,ROCKDALE COUNTY,0.3492831313836199,0.3494995341008146,0.45354120396580005,22023,23255,31244,63052,66538,68889
Georgia,SCHLEY COUNTY,0.12409972299168975,0.10429128738621586,0.11541343992005995,448,401,462,3610,3845,4003
Georgia,SCREVEN COUNTY,0.2571137269441097,0.20920502092050208,0.24173328488372092,2774,2300,2661,10789,10994,11008
Georgia,SEMINOLE COUNTY,0.21598714014321205,0.17930930478057608,0.19575398064314706,1478,1189,1254,6843,6631,6406
Georgia,SPALDING COUNTY,0.20660863756862255,0.1905392196790747,0.2307827892129022,9898,9357,11784,47907,49108,51061
Georgia,STEPHENS COUNTY,0.10693496587715777,0.09243232363892523,0.11867442901925661,2131,1837,2385,19928,19874,20097
Georgia,STEWART COUNTY,0.25291531255974004,0.22944048066090875,0.20020325203252032,1323,1222,1182,5231,5326,5904
Georgia,SUMTER COUNTY,0.26855674446035893,0.23715415019762845,0.2765957446808511,6375,5520,6318,23738,23276,22842
Georgia,TALBOT COUNTY,0.42336448598130844,0.3832312404287902,0.4076359429232549,2265,2002,2114,5350,5224,5186
Georgia,TALIAFERRO COUNTY,0.4632192279679534,0.41008276899924756,0.43896713615023475,636,545,561,1373,1329,1278
Georgia,TATTNALL COUNTY,0.09470321002446208,0.083577785511858,0.10239976151438367,1897,1681,2061,20031,20113,20127
Georgia,TAYLOR COUNTY,0.24489795918367346,0.19889502762430938,0.21597633136094674,1572,1296,1387,6419,6516,6422
Georgia,TELFAIR COUNTY,0.1354901666416454,0.09957530714394054,0.11165340141162337,1805,1313,1487,13322,13186,13318
Georgia,TERRELL COUNTY,0.3640005723279439,0.3335294983080771,0.3617539585870889,2544,2267,2376,6989,6797,6568
Georgia,THOMAS COUNTY,0.22796461231419976,0.20942439081605724,0.2566309088765767,7653,7142,8708,33571,34103,33932
Georgia,TIFT COUNTY,0.15134292488064693,0.14272112417098956,0.17392156862745098,4660,4347,5322,30791,30458,30600
Georgia,TOOMBS COUNTY,0.14005916556156278,0.11793190416141236,0.1485994539387198,2746,2338,2939,19606,19825,19778
Georgia,TOWNS COUNTY,0.1411464685663599,0.12223456914839882,0.1475487862922418,1273,1210,1550,9019,9899,10505
Georgia,TREUTLEN COUNTY,0.20817987982167085,0.16872186337835193,0.17864514918371177,1074,862,952,5159,5109,5329
Georgia,TROUP COUNTY,0.208971488577599,0.18514000343098946,0.21862195283143565,10547,9713,11578,50471,52463,52959
Georgia,TURNER COUNTY,0.23527578684948583,0.20752831445702866,0.23386963012108145,1510,1246,1410,6418,6004,6029
Georgia,TWIGGS COUNTY,0.3279399017624964,0.29679265170908,0.3116803903629155,2270,1971,2044,6922,6641,6558
Georgia,UNION COUNTY,0.12136858828869723,0.10358839050131927,0.13507257558952596,2139,1963,2801,17624,18950,20737
Georgia,UPSON COUNTY,0.19329167073527975,0.1706275164489836,0.20619416903897123,3959,3475,4201,20482,20366,20374
Georgia,WALKER COUNTY,0.09994504349144384,0.07905990921709119,0.10537756183100135,5274,4215,5769,52769,53314,54746
Georgia,WALTON COUNTY,0.13004756280524787,0.12357675111773472,0.1773904772561965,8148,8292,12682,62654,67100,71492
Georgia,WARE COUNTY,0.14206097694241065,0.12695600826690287,0.15560564629369597,3900,3440,4211,27453,27096,27062
Georgia,WARREN COUNTY,0.35418114431318043,0.31107954545454547,0.35009532888465206,1529,1314,1469,4317,4224,4196
Georgia,WASHINGTON COUNTY,0.2940002494698765,0.26585643752373717,0.29605057269825374,4714,4200,4730,16034,15798,15977
Georgia,WAYNE COUNTY,0.11342188046137715,0.0903377152215288,0.1185528347672623,2596,2041,2687,22888,22593,22665
Georgia,WEBSTER COUNTY,0.27465785747994337,0.2285024154589372,0.3008474576271186,582,473,639,2119,2070,2124
Georgia,WHEELER COUNTY,0.11721834193744306,0.09706987227648385,0.10561005518087063,772,646,689,6586,6655,6524
Georgia,WHITE COUNTY,0.0773897739903668,0.07310682155646782,0.09736300125186771,1671,1674,2411,21592,22898,24763
Georgia,WHITFIELD COUNTY,0.0970573190103115,0.1037353617733166,0.13736723527518507,7210,7937,10670,74286,76512,77675
Georgia,WILCOX COUNTY,0.1443355119825708,0.11916083916083917,0.12317805087167762,1060,852,862,7344,7150,6998
Georgia,WILKES COUNTY,0.26531909483854565,0.24046844502277162,0.2792501616031028,2087,1848,2160,7866,7685,7735
Georgia,WILKINSON COUNTY,0.30329578639966626,0.2729893341020467,0.2992500721084511,2181,1894,2075,7191,6938,6934
Georgia,WORTH COUNTY,0.15169258920402562,0.12670932128967508,0.15170710077912206,2487,2020,2395,16395,15942,15787
Michigan,ALCONA COUNTY,0.27102291415414975,0.19172016825326543,0.2355917289925209,2472,1732,2142,9121,9034,9092
Michigan,ALGER COUNTY,0.279257669486176,0.21488564414006978,0.2650400206558224,2212,1663,2053,7921,7739,7746
Michigan,ALLEGAN COUNTY,0.2504393461566239,0.20821077159105328,0.271706877965838,20806,18050,24449,83078,86691,89983
Michigan,ALPENA COUNTY,0.28078374206825585,0.21039689387402932,0.2598414966870209,6549,4877,6000,23324,23180,23091
Michigan,ANTRIM COUNTY,0.27414246604756026,0.2365579960644578,0.31031969176299073,5107,4448,5960,18629,18803,19206
Michigan,ARENAC COUNTY,0.2926537449150515,0.19232010325911583,0.2275075863200197,3669,2384,2774,12537,12396,12193
Michigan,BARAGA COUNTY,0.22444032511050904,0.1661158212386837,0.21700190867713992,1574,1156,1478,7013,6959,6811
Michigan,BARRY COUNTY,0.25501553484243233,0.19635047504147188,0.24542315053673963,11491,9114,11797,45060,46417,48068
Michigan,BAY COUNTY,0.3321577084847546,0.2611812410996597,0.3167207634919097,27877,21642,26151,83927,82862,82568
Michigan,BENZIE COUNTY,0.3375603429641905,0.2879775674728356,0.3748033650229122,4685,4108,5480,13879,14265,14621
Michigan,BERRIEN COUNTY,0.2769066551926721,0.24535207752776275,0.31129588824678833,33465,29495,37438,120853,120215,120265
Michigan,BRANCH COUNTY,0.20780352902275528,0.15237550430541338,0.18373556874794905,6913,5061,6159,33267,33214,33521
Michigan,CALHOUN COUNTY,0.2843582095352837,0.23414979305799222,0.27820381895604923,29267,24157,28877,102923,103169,103798
Michigan,CASS COUNTY,0.23849309958970533,0.17908168292442606,0.22201147748273514,9591,7270,9130,40215,40596,41124
Michigan,CHARLEVOIX COUNTY,0.2872829294248537,0.2445491764257831,0.32578994318982113,5939,5137,6939,20673,21006,21299
Michigan,CHEBOYGAN COUNTY,0.2797313504437515,0.20387659352637316,0.25680143585868126,5831,4302,5437,20845,21101,21172
Michigan,CHIPPEWA COUNTY,0.2264319428498533,0.17508625740511685,0.21651902032308493,7100,5379,6648,31356,30722,30704
Michigan,CLARE COUNTY,0.2582722086389568,0.17442528735632185,0.20957794171000121,6338,4249,5199,24540,24360,24807
Michigan,CLINTON COUNTY,0.314044022442814,0.27516476182531074,0.35429400854769777,18191,16492,21968,57925,59935,62005
Michigan,CRAWFORD COUNTY,0.26577896138482027,0.1884096794356639,0.23244889082209658,2994,2110,2672,11265,11199,11495
Michigan,DELTA COUNTY,0.2844945355191257,0.2230385361796507,0.26395974318931115,8330,6436,7606,29280,28856,28815
Michigan,DICKINSON COUNTY,0.23788249987990584,0.19207794751273014,0.2351075428684706,4952,3923,4744,20817,20424,20178
Michigan,EATON COUNTY,0.33339305336582103,0.29045971790302477,0.3575189902335941,27913,24938,31299,83724,85857,87545
Michigan,EMMET COUNTY,0.2811284046692607,0.26474273780140495,0.35573064320164943,7225,6972,9662,25700,26335,27161
Michigan,GENESEE COUNTY,0.40638479546535844,0.32618950870465135,0.3786072176063931,128978,102751,119390,317379,315004,315340
Michigan,GLADWIN COUNTY,0.2800875273522976,0.1860624785444559,0.21831869510664995,5760,3794,4524,20565,20391,20722
Michigan,GOGEBIC COUNTY,0.30231691872159727,0.22665633475397132,0.306885584114158,4058,2925,3570,13423,12905,11633
Michigan,GRAND TRAVERSE COUNTY,0.2972630439735703,0.2866067888829649,0.38477945911139727,20875,20965,28683,70224,73149,74544
Michigan,GRATIOT COUNTY,0.22874147103910547,0.17376104023552502,0.20367609019810717,7610,5666,6693,33269,32608,32861
Michigan,HILLSDALE COUNTY,0.1990030245323177,0.13456900902921878,0.16437093123969712,7106,4799,5883,35708,35662,35791
Michigan,HOUGHTON COUNTY,0.2328631103197973,0.20783975133828356,0.27250351617440227,6801,6018,7750,29206,28955,28440
Michigan,HURON COUNTY,0.2512624802436298,0.180247205164541,0.21929298981426004,6518,4579,5490,25941,25404,25035
Michigan,INGHAM COUNTY,0.3583500658218422,0.3412061038412104,0.4010949946144316,80847,79110,94212,225609,231854,234887
Michigan,IONIA COUNTY,0.22657262127537067,0.1686046511627907,0.21608817174460324,11018,8352,10901,48629,49536,50447
Michigan,IOSCO COUNTY,0.29605387971921837,0.20682597105864434,0.2564188221819223,6242,4345,5373,21084,21008,20954
Michigan,IRON COUNTY,0.278792280556132,0.2149983907306083,0.27068403908794786,2687,2004,2493,9638,9321,9210
Michigan,ISABELLA COUNTY,0.22326489374454167,0.1937577518392035,0.2436794347856203,13038,11404,14072,58397,58857,57748
Michigan,JACKSON COUNTY,0.2610793640529902,0.20849667391427348,0.25659841686115054,32301,25795,31995,123721,123719,124689
Michigan,KALAMAZOO COUNTY,0.34833427499091973,0.3287346643036884,0.4019963876719699,69051,67148,83686,198232,204262,208176
Michigan,KALKASKA COUNTY,0.24544295251669043,0.16805483894744602,0.20930070417625324,3272,2280,3002,13331,13567,14343
Michigan,KENT COUNTY,0.2914747651299978,0.28600035058413503,0.3759127007941747,133408,138683,187915,457700,484905,499890
Michigan,KEWEENAW COUNTY,0.3265993265993266,0.294249022892239,0.37065637065637064,582,527,672,1782,1791,1813
Michigan,LAKE COUNTY,0.28968421052631577,0.19558200524510794,0.2310877689122311,2752,1939,2288,9500,9914,9901
Michigan,LAPEER COUNTY,0.27682292817272713,0.18380219685050736,0.23441035776689295,18796,12734,16367,67899,69281,69822
Michigan,LEELANAU COUNTY,0.37487173640405885,0.3777393631851893,0.48146931625335304,6576,6774,8795,17542,17933,18267
Michigan,LENAWEE COUNTY,0.2831214083261825,0.21639149419941606,0.2682104345373184,21776,16750,20918,76914,77406,77991
Michigan,LIVINGSTON COUNTY,0.26874444869693315,0.2340687692737088,0.31727650166797167,37216,34384,48220,138481,146897,151981
Michigan,LUCE COUNTY,0.1847846354652247,0.12924653634465744,0.16111748947569843,991,681,842,5363,5269,5226
Michigan,MACKINAC COUNTY,0.2906619903551074,0.23205342237061768,0.28926255632487086,2652,2085,2632,9124,8985,9099
Michigan,MACOMB COUNTY,0.3155443707725237,0.2585429729428533,0.3235501053930315,208016,176317,223952,659229,681964,692171
Michigan,MANISTEE COUNTY,0.3214001986097319,0.24729313598887454,0.3002310604198417,6473,4979,6107,20140,20134,20341
Michigan,MARQUETTE COUNTY,0.32682627600267017,0.29446749146444434,0.3734148344129185,18115,16042,20465,55427,54478,54805
Michigan,MASON COUNTY,0.30337625558653036,0.23079276287037848,0.29268502581755595,6856,5281,6802,22599,22882,23240
Michigan,MECOSTA COUNTY,0.213974545143931,0.16600666647673856,0.20823921391461486,7515,5827,7375,35121,35101,35416
Michigan,MENOMINEE COUNTY,0.27606909627132925,0.18792480883602378,0.22997815314115203,5242,3539,4316,18988,18832,18767
Michigan,MIDLAND COUNTY,0.2694231719367589,0.23919162867545818,0.31296579108124617,17450,15635,20493,64768,65366,65480
Michigan,MISSAUKEE COUNTY,0.1978079331941545,0.13570933055844606,0.16872533882312574,2274,1565,1967,11496,11532,11658
Michigan,MONROE COUNTY,0.31399441364937436,0.23044917987783956,0.27764446352943156,36310,26863,32975,115639,116568,118767
Michigan,MONTCALM COUNTY,0.23637679660841693,0.16177679158448388,0.19462050706033376,11430,7874,9703,48355,48672,49856
Michigan,MONTMORENCY COUNTY,0.25628517823639774,0.1642838907327036,0.20483140412682435,2049,1287,1628,7995,7834,7948
Michigan,MUSKEGON COUNTY,0.34483936054632935,0.2815141270224583,0.34106737207077953,44436,37304,45643,128860,132512,133824
Michigan,NEWAYGO COUNTY,0.23935936814392278,0.16792820069204153,0.20702077307388903,8728,6212,7873,36464,36992,38030
Michigan,OAKLAND COUNTY,0.3694241356424503,0.34937659695157286,0.43514709773640275,349002,343070,434148,944719,981949,997704
Michigan,OCEANA COUNTY,0.2543070972926817,0.1969073697774694,0.24051371862230006,5063,3973,4944,19909,20177,20556
Michigan,OGEMAW COUNTY,0.2785141262643879,0.17820384638005057,0.20321637426900585,4791,3030,3475,17202,17003,17100
Michigan,ONTONAGON COUNTY,0.28825881497637224,0.22645869439630273,0.2779220779220779,1586,1176,1391,5502,5193,5005
Michigan,OSCEOLA COUNTY,0.2246994412146526,0.15150666517307046,0.1762061403508772,3981,2705,3214,17717,17854,18240
Michigan,OSCODA COUNTY,0.24049346879535557,0.15598386373823397,0.20192597050857658,1657,1044,1342,6890,6693,6646
Michigan,OTSEGO COUNTY,0.25028070363043364,0.18555625130452932,0.2426707597851113,4681,3556,4743,18703,19164,19545
Michigan,OTTAWA COUNTY,0.2113474966866457,0.20969170800850462,0.2907423466980602,42737,44973,64705,202212,214472,222551
Michigan,PRESQUE ISLE COUNTY,0.29386853249861905,0.22501406337896118,0.27361594134787104,3192,2400,2911,10862,10666,10639
Michigan,ROSCOMMON COUNTY,0.30383842345213,0.21224873749876225,0.2523323401553265,6198,4287,5166,20399,20198,20473
Michigan,SAGINAW COUNTY,0.3541190490144367,0.29411258107042776,0.3413239263475774,54381,44396,51088,153567,150949,149676
Michigan,SANILAC COUNTY,0.22113202918991845,0.15044766903365236,0.18435201779865273,7212,4873,5966,32614,32390,32362
Michigan,SCHOOLCRAFT COUNTY,0.27613266212614745,0.20695389266817837,0.23709340495374515,1865,1369,1589,6754,6615,6702
Michigan,SHIAWASSEE COUNTY,0.3220411985018727,0.23354865131517713,0.28450928775351303,17197,12546,15347,53400,53719,53942
Michigan,ST. CLAIR COUNTY,0.27369226432569566,0.1960100268233491,0.247872029337148,33983,24553,31363,124165,125264,126529
Michigan,ST. JOSEPH COUNTY,0.22240306156113224,0.16479810808443549,0.20024647049921085,10112,7526,9262,45467,45668,46253
Michigan,TUSCOLA COUNTY,0.26840040406887966,0.17625148279952552,0.20916664665914383,11425,7429,8712,42567,42150,41651
Michigan,VAN BUREN COUNTY,0.28702822708531556,0.231052090413203,0.28873118427383326,16290,13258,16803,56754,57381,58196
Michigan,WASHTENAW COUNTY,0.42981888515171124,0.4330722197129548,0.524071412133926,120890,128483,157136,281258,296678,299837
Michigan,WAYNE COUNTY,0.4390146142709258,0.3875328543174471,0.4466328459166418,595846,519444,597170,1357235,1340387,1337049
Michigan,WEXFORD COUNTY,0.24904353429181264,0.17537062660604863,0.22551860006953298,6184,4436,5838,24831,25295,25887
North Carolina,ALAMANCE COUNTY,0.24491094147582698,0.24000997594510012,0.29380604638843694,28875,29833,38825,117900,124299,132145
North Carolina,ALEXANDER COUNTY,0.1597381001870713,0.1278769773915405,0.137982689747004,4611,3767,4145,28866,29458,30040
North Carolina,ALLEGHANY COUNTY,0.17911292147544694,0.14522406316023573,0.16066601794788626,1583,1306,1486,8838,8993,9249
North Carolina,ANSON COUNTY,0.33802070792198413,0.29050971836572786,0.29523663810689516,7019,5859,5789,20765,20168,19608
North Carolina,ASHE COUNTY,0.18846153846153846,0.16093433878977378,0.1852395569197918,4116,3500,4164,21840,21748,22479
North Carolina,AVERY COUNTY,0.12823657672390298,0.11457838681229225,0.1463691629367359,1882,1689,2191,14676,14741,14969
North Carolina,BEAUFORT COUNTY,0.2534586971121558,0.23356963914503492,0.25572752130399,9435,8764,9633,37225,37522,37669
North Carolina,BERTIE COUNTY,0.40704036964980544,0.3634190829611925,0.3795615772991628,6695,5778,5939,16448,15899,15647
North Carolina,BLADEN COUNTY,0.2981619142719775,0.2661287281776705,0.2809372243739694,8062,7058,7326,27039,26521,26077
North Carolina,BRUNSWICK COUNTY,0.23990072172691942,0.22045887109755982,0.2734923436922698,22038,23282,33310,91863,105607,121795
North Carolina,BUNCOMBE COUNTY,0.36222778421738283,0.3653531411305552,0.4514751353045463,70625,75452,96515,194974,206518,213777
North Carolina,BURKE COUNTY,0.1930044514565842,0.1556951690353293,0.1776062821554292,13701,11251,13118,70988,72263,73860
North Carolina,CABARRUS COUNTY,0.2433800103726754,0.23807959892223757,0.32306053436721954,32849,35521,52162,134970,149198,161462
North Carolina,CALDWELL COUNTY,0.16947887345847007,0.12989716153502212,0.15559976914431517,10898,8425,10245,64303,64859,65842
North Carolina,CAMDEN COUNTY,0.1996822033898305,0.1596891451491602,0.18282383727845844,1508,1274,1537,7552,7978,8407
North Carolina,CARTERET COUNTY,0.18702227709290292,0.176114113581997,0.21017779863392252,10301,9939,12093,55079,56435,57537
North Carolina,CASWELL COUNTY,0.2876970251223842,0.25968677179862354,0.2643746940107708,5348,4792,4860,18589,18453,18383
North Carolina,CATAWBA COUNTY,0.20267948869090727,0.1751955012014963,0.20612046762041547,24069,21216,25689,118754,121099,124631
North Carolina,CHATHAM COUNTY,0.36122368679913436,0.38067442532889983,0.44898677528033387,18361,21065,26787,50830,55336,59661
North Carolina,CHEROKEE COUNTY,0.15325288086380545,0.1248254189944134,0.1500607278971395,3378,2860,3583,22042,22912,23877
North Carolina,CHOWAN COUNTY,0.3083058782729322,0.26548358473824313,0.29084557506270153,3556,2992,3247,11534,11270,11164
North Carolina,CLAY COUNTY,0.18189148715585762,0.15369912300427255,0.18167236954662105,1579,1367,1699,8681,8894,9352
North Carolina,CLEVELAND COUNTY,0.226852098069457,0.19811470634962663,0.2216223988288194,17062,14964,16955,75212,75532,76504
North Carolina,COLUMBUS COUNTY,0.24829228833363293,0.20547758859138004,0.214618408197578,11050,9063,9446,44504,44107,44013
North Carolina,CRAVEN COUNTY,0.23137917427119814,0.2202483571946131,0.2630773632552527,18763,17630,21148,81092,80046,80387
North Carolina,CUMBERLAND COUNTY,0.3096723582118824,0.2853527806005539,0.33432546357681425,75792,71605,84469,244749,250935,252655
North Carolina,CURRITUCK COUNTY,0.1921044116060835,0.14662505662656666,0.19354094579008074,3562,2913,4195,18542,19867,21675
North Carolina,DARE COUNTY,0.26866051311868594,0.24966294465378366,0.3302313214570593,7393,7222,9936,27518,28927,30088
North Carolina,DAVIDSON COUNTY,0.16471133189045867,0.14215178347148957,0.17241878356247858,20624,18109,22636,125213,127392,131285
North Carolina,DAVIE COUNTY,0.17945428374741848,0.16041641300377452,0.19801775758827173,5735,5270,6713,31958,32852,33901
North Carolina,DUPLIN COUNTY,0.2026972444125303,0.18507842874379943,0.1958668453976765,9033,8283,8767,44564,44754,44760
North Carolina,DURHAM COUNTY,0.5053913438600477,0.5012256776364471,0.5655652799330803,111224,121250,144688,220075,241907,255829
North Carolina,EDGECOMBE COUNTY,0.43246179645244337,0.3953409035528047,0.4031926623897354,18310,16224,16089,42339,41038,39904
North Carolina,FORSYTH COUNTY,0.33942528989183746,0.33232717678100265,0.3826290364623004,92323,94464,113029,271998,284250,295401
North Carolina,FRANKLIN COUNTY,0.28678762006403413,0.25647461949159295,0.29128457193162643,13436,12874,15882,46850,50196,54524
North Carolina,GASTON COUNTY,0.2086567614830098,0.18668974065712968,0.2350237554224334,33171,31177,40959,158974,166999,174276
North Carolina,GATES COUNTY,0.30083144368858655,0.26042804105699935,0.27583965330444205,2786,2385,2546,9261,9158,9230
North Carolina,GRAHAM COUNTY,0.16352476983779043,0.11406505272538245,0.13373725432244718,1119,768,905,6843,6733,6767
North Carolina,GRANVILLE COUNTY,0.3033913431503793,0.2778758395040468,0.303071288859295,13598,12909,14565,44820,46456,48058
North Carolina,GREENE COUNTY,0.22965169290620632,0.21632163216321632,0.2269604359156598,3778,3605,3832,16451,16665,16884
North Carolina,GUILFORD COUNTY,0.37961272317954997,0.36696146914408934,0.4138437260902831,146365,149248,173086,385564,406713,418240
North Carolina,HALIFAX COUNTY,0.41099758321169627,0.38697628701314657,0.394633291868701,17176,15748,15545,41791,40695,39391
North Carolina,HARNETT COUNTY,0.19539996617622188,0.17485739359368144,0.21876423408258244,17331,16737,22093,88695,95718,100990
North Carolina,HAYWOOD COUNTY,0.2489009486548453,0.21269293257514216,0.2578873018364464,11833,10473,13144,47541,49240,50968
North Carolina,HENDERSON COUNTY,0.21679517147542127,0.21665300770365514,0.28507820766676095,18642,19827,27211,85989,91515,95451
North Carolina,HERTFORD COUNTY,0.399195805975467,0.3540503151099042,0.3677392611016115,7843,6910,7097,19647,19517,19299
North Carolina,HOKE COUNTY,0.2830416584735526,0.25443415476377335,0.2930341095278288,10076,9726,11804,35599,38226,40282
North Carolina,HYDE COUNTY,0.2503767491926803,0.21453979546465096,0.2552464616886286,1163,965,1046,4645,4498,4098
North Carolina,IREDELL COUNTY,0.2124058159898994,0.18731493051611192,0.24098476067215177,26076,24734,33888,122765,132045,140623
North Carolina,JACKSON COUNTY,0.24149040899734495,0.21812165945533216,0.26118569755725607,8095,7713,9591,33521,35361,36721
North Carolina,JOHNSTON COUNTY,0.21482268666115636,0.20089816966056553,0.26347989909633746,27290,28362,41257,127035,141176,156585
North Carolina,JONES COUNTY,0.2921739130434783,0.2670719089498189,0.2851765316718588,2352,2065,2197,8050,7732,7704
North Carolina,LEE COUNTY,0.24621592048873894,0.23272201845059465,0.2576162593346911,10801,10469,12143,43868,44985,47136
North Carolina,LENOIR COUNTY,0.30810010823706124,0.2852369448897117,0.3133132211040232,13948,12634,13605,45271,44293,43423
North Carolina,LINCOLN COUNTY,0.18116680361544782,0.1553981911820123,0.19526044041717538,11024,9897,13274,60850,63688,67981
North Carolina,MACON COUNTY,0.20887881225773422,0.1756420878210439,0.21291866028708134,5712,4876,6230,27346,27761,29260
North Carolina,MADISON COUNTY,0.2655926079488243,0.2254248966467616,0.273203634539272,4484,3926,4901,16883,17416,17939
North Carolina,MARTIN COUNTY,0.3504764947026567,0.3187915803250082,0.3299101412066752,6583,5846,5911,18783,18338,17917
North Carolina,MCDOWELL COUNTY,0.17038648434851394,0.1310734145930461,0.1592702842941803,6031,4667,5832,35396,35606,36617
North Carolina,MECKLENBURG COUNTY,0.3751513974031987,0.36743639511618276,0.443746413184693,272262,294562,378107,725739,801668,852079
North Carolina,MITCHELL COUNTY,0.14776107404132166,0.13048810399803779,0.15266988306484586,1838,1596,1867,12439,12231,12229
North Carolina,MONTGOMERY COUNTY,0.22451218930394543,0.19738406658739596,0.2034703282234553,4706,4150,4327,20961,21025,21266
North Carolina,MOORE COUNTY,0.23254011862997873,0.21732013095903538,0.26193777732956836,16505,16329,20779,70977,75138,79328
North Carolina,NASH COUNTY,0.3320949037712912,0.3187242798353909,0.3517521859960686,24313,23235,25947,73211,72900,73765
North Carolina,NEW HANOVER COUNTY,0.2899528144511701,0.27946714908313464,0.34484808041207016,48668,50979,66146,167848,182415,191812
North Carolina,NORTHAMPTON COUNTY,0.42262739597942967,0.3729739573848115,0.3762087775849244,7232,6144,6069,17112,16473,16132
North Carolina,ONSLOW COUNTY,0.12868337903483987,0.12044563647617083,0.16248501771090712,18490,17514,24266,143686,145410,149343
North Carolina,ORANGE COUNTY,0.49199047071387497,0.5238253420166965,0.530281425891182,53901,59923,63594,109557,114395,119925
North Carolina,PAMLICO COUNTY,0.24566125290023202,0.22797541441609237,0.25108745950948635,2647,2448,2713,10775,10738,10805
North Carolina,PASQUOTANK COUNTY,0.3278594432575492,0.28127856863001177,0.31646710441611947,10282,8615,9832,31361,30628,31068
North Carolina,PENDER COUNTY,0.2307121128649788,0.2048530506767115,0.23896204492641362,9632,9354,11723,41749,45662,49058
North Carolina,PERQUIMANS COUNTY,0.25309604623429044,0.21389042612064194,0.22743451674728485,2759,2319,2492,10901,10842,10957
North Carolina,PERSON COUNTY,0.2763896641166234,0.2537004048582996,0.2699212397563853,8418,7833,8465,30457,30875,31361
North Carolina,PITT COUNTY,0.3109408556205367,0.30154289834174475,0.3316721182597953,41843,41824,47252,134569,138700,142466
North Carolina,POLK COUNTY,0.2417324257574845,0.21977052074139453,0.2584963954685891,4013,3735,4518,16601,16995,17478
North Carolina,RANDOLPH COUNTY,0.13664533076809235,0.12001637331150225,0.13981844550679487,14773,13194,15618,108112,109935,111702
North Carolina,RICHMOND COUNTY,0.2812038614423623,0.24536743058361715,0.2536215088654537,9904,8501,8754,35220,34646,34516
North Carolina,ROBESON COUNTY,0.2503657094763842,0.19135597484276728,0.19324358648717296,24988,19016,19020,99806,99375,98425
North Carolina,ROCKINGHAM COUNTY,0.22423203510696654,0.19647591692443658,0.21998761950615586,16351,14228,15992,72920,72416,72695
North Carolina,ROWAN COUNTY,0.21417629593206877,0.17973114444269447,0.20874387016951296,22650,19400,23114,105754,107939,110729
North Carolina,RUTHERFORD COUNTY,0.1781045751633987,0.143399828195094,0.17099696754146232,9374,7512,9135,52632,52385,53422
North Carolina,SAMPSON COUNTY,0.24227570749282556,0.22130597171513702,0.22807345937064538,11566,10547,10966,47739,47658,48081
North Carolina,SCOTLAND COUNTY,0.2996097596557132,0.26902153936631623,0.26820438174149963,8215,7319,7186,27419,27206,26793
North Carolina,STANLY COUNTY,0.1790059236926474,0.1493379365513757,0.16494866279777606,8431,7094,8129,47099,47503,49282
North Carolina,STOKES COUNTY,0.16323984158845548,0.12602317853958991,0.14230717458608158,6018,4665,5286,36866,37017,37145
North Carolina,SURRY COUNTY,0.1611146474290968,0.13270948532539345,0.15350900353804722,9112,7488,8721,56556,56424,56811
North Carolina,SWAIN COUNTY,0.24202643986317834,0.19994537011745425,0.24961838915327286,2618,2196,2780,10817,10983,11137
North Carolina,TRANSYLVANIA COUNTY,0.25052299335706685,0.2340805254140491,0.29018179318876935,6826,6558,8444,27247,28016,29099
North Carolina,TYRRELL COUNTY,0.24903302588515322,0.22147031682559212,0.2305352798053528,837,720,758,3361,3251,3288
North Carolina,UNION COUNTY,0.22102805646687268,0.2099236407876798,0.27588100738324955,32473,34337,48725,146918,163569,176616
North Carolina,VANCE COUNTY,0.3919105750845713,0.3605247641509434,0.3646309984747155,13323,12229,12431,33995,33920,34092
North Carolina,WAKE COUNTY,0.37662002753535984,0.38234283751288217,0.46326327505285286,267262,302736,393336,709633,791792,849055
North Carolina,WARREN COUNTY,0.4160257556787694,0.39530296492633915,0.3950617283950617,6978,6413,6400,16773,16223,16200
North Carolina,WASHINGTON COUNTY,0.3868591037545418,0.3641834405478315,0.36618503342678455,3833,3510,3396,9908,9638,9274
North Carolina,WATAUGA COUNTY,0.28874725177108085,0.3000169764875647,0.34927175553832973,13002,14138,17122,45029,47124,49022
North Carolina,WAYNE COUNTY,0.2475840536924155,0.23010982274038919,0.25752145569014473,23314,21770,24215,94166,94607,94031
North Carolina,WILKES COUNTY,0.1513176221516519,0.12243618120112144,0.1374935930292158,8148,6638,7511,53847,54216,54628
North Carolina,WILSON COUNTY,0.337597438302552,0.315213209361975,0.32826141971403267,20875,19663,20754,61834,62380,63224
North Carolina,YADKIN COUNTY,0.13379543533389687,0.10681088389386513,0.1260594284948578,3957,3160,3763,29575,29585,29851
North Carolina,YANCEY COUNTY,0.28049038258296344,0.22355903749300504,0.2494926261669598,3981,3196,3688,14193,14296,14782
Ohio,ADAMS COUNTY,0.18657907085875175,0.1104568335074556,0.1008952678698309,3976,2326,2130,21310,21058,21111
Ohio,ALLEN COUNTY,0.2225438552899667,0.16739489026279009,0.17259919603342674,17913,13294,13611,80492,79417,78859
Ohio,ASHLAND COUNTY,0.20252390618503754,0.13911778962675714,0.15507828471103202,8281,5740,6448,40889,41260,41579
Ohio,ASHTABULA COUNTY,0.308384940274143,0.204304601017785,0.21355065684582242,23803,15577,16207,77186,76244,75893
Ohio,ATHENS COUNTY,0.3349985360854926,0.2894834568250544,0.2512250956826555,18307,16370,14047,54648,56549,55914
Ohio,AUGLAIZE COUNTY,0.1691763135753039,0.11488944056347786,0.13204448542122854,5831,3980,4583,34467,34642,34708
Ohio,BELMONT COUNTY,0.25163090815365197,0.1583539124321791,0.16553079706817053,14156,8785,9011,56257,55477,54437
Ohio,BROWN COUNTY,0.21107184223812778,0.1298162948825003,0.12916131729018004,7107,4353,4326,33671,33532,33493
Ohio,BUTLER COUNTY,0.2232136787609258,0.2034527501960213,0.23037623344773514,62388,58642,67729,279499,288234,293993
Ohio,CARROLL COUNTY,0.2502596053997923,0.1448317031730725,0.1505659136805523,5543,3154,3206,22149,21777,21293
Ohio,CHAMPAIGN COUNTY,0.23379468286368615,0.15348635194280177,0.16366644606221045,7044,4594,4946,30129,29931,30220
Ohio,CLARK COUNTY,0.2968576604603959,0.2243594675694391,0.22676444333528503,31298,23328,23625,105431,103976,104183
Ohio,CLERMONT COUNTY,0.2032796513451643,0.17207507793780435,0.21000871249396708,30458,26715,33505,149833,155252,159541
Ohio,CLINTON COUNTY,0.18263529708590892,0.12694349047767717,0.14055654963904485,5791,4066,4556,31708,32030,32414
Ohio,COLUMBIANA COUNTY,0.23606826816573967,0.15113974834356575,0.16217047397620893,19821,12432,13183,83963,82255,81291
Ohio,COSHOCTON COUNTY,0.2466064956293085,0.1435572726622308,0.14559483222680783,6940,4013,4057,28142,27954,27865
Ohio,CRAWFORD COUNTY,0.22648283352440718,0.14083005998599313,0.14855473554735546,7507,4625,4831,33146,32841,32520
Ohio,CUYAHOGA COUNTY,0.45271024669525933,0.40253342645270773,0.41012584675138003,447232,398271,402315,987899,989411,980955
Ohio,DARKE COUNTY,0.17236503206908743,0.11378968001425553,0.11958805144233232,6826,4470,4668,39602,39283,39034
Ohio,DEFIANCE COUNTY,0.26291271379509673,0.18308946416999217,0.1993411892552722,7732,5368,5870,29409,29319,29447
Ohio,DELAWARE COUNTY,0.2868549187326446,0.2844555799143961,0.36744054031389295,37292,40872,56961,130003,143685,155021
Ohio,ERIE COUNTY,0.3629867750424731,0.2696661292489588,0.28916028474073074,21793,16057,17142,60038,59544,59282
Ohio,FAIRFIELD COUNTY,0.2715988805292044,0.2147357337660096,0.25544298519908276,29890,24881,30634,110052,115868,119925
Ohio,FAYETTE COUNTY,0.19492614001284522,0.1252801536843068,0.13315950779927724,4249,2739,2911,21798,21863,21861
Ohio,FRANKLIN COUNTY,0.3787535131943002,0.3601513628812273,0.3871897831510191,346336,351198,391584,914410,975140,1011349
Ohio,FULTON COUNTY,0.28519787508251343,0.18878312803284808,0.20272572402044292,9073,6069,6545,31813,32148,32285
Ohio,GALLIA COUNTY,0.19274203781246035,0.11302253569585412,0.1260828135828136,4557,2628,2911,23643,23252,23088
Ohio,GEAUGA COUNTY,0.27952509597611264,0.2446697397189689,0.2892117669763723,19659,17569,20980,70330,71807,72542
Ohio,GREENE COUNTY,0.24886392568646665,0.22058868361685263,0.2535567098663765,32256,28943,34023,129613,131208,134183
Ohio,GUERNSEY COUNTY,0.2430986099327808,0.14306813706183538,0.14839986803035302,7450,4359,4498,30646,30468,30310
Ohio,HAMILTON COUNTY,0.35745550233479667,0.3462901100100651,0.37769229549023653,219927,215719,238101,615257,622943,630410
Ohio,HANCOCK COUNTY,0.21632603867146472,0.1635964314900572,0.19532969824228671,12564,9609,11535,58079,58736,59054
Ohio,HARDIN COUNTY,0.19007448253158307,0.12122218532049153,0.12557598904064096,4619,2920,3025,24301,24088,24089
Ohio,HARRISON COUNTY,0.2399739689254047,0.1403158769742311,0.14599396580623533,2950,1688,1742,12293,12030,11932
Ohio,HENRY COUNTY,0.26965970832141833,0.1800575263662512,0.19245592060892186,5658,3756,3995,20982,20860,20758
Ohio,HIGHLAND COUNTY,0.18686478638287357,0.11573264623784546,0.11345302359434706,6049,3773,3741,32371,32601,32974
Ohio,HOCKING COUNTY,0.27397321229920346,0.17113196427761912,0.17339420512588707,6157,3775,3836,22473,22059,22123
Ohio,HOLMES COUNTY,0.09133251619681317,0.0600705526625231,0.06499557072082418,2608,1788,1981,28555,29765,30479
Ohio,HURON COUNTY,0.24939385012802792,0.16272597687625856,0.17257106730790941,11006,7192,7643,44131,44197,44289
Ohio,JACKSON COUNTY,0.2074365563764857,0.13038557917710775,0.1294337022173578,5166,3226,3193,24904,24742,24669
Ohio,JEFFERSON COUNTY,0.2798239391789891,0.17974250840656175,0.1860134828056355,15385,9675,9823,54981,53827,52808
Ohio,KNOX COUNTY,0.2252484832838518,0.1739991482112436,0.17489682062343156,10470,8171,8433,46482,46960,48217
Ohio,LAKE COUNTY,0.3200568200734666,0.2542412818096136,0.29416668922393957,57680,46397,54337,180218,182492,184715
Ohio,LAWRENCE COUNTY,0.2244036927189941,0.14756665256030468,0.15774230917750032,10744,6974,7353,47878,47260,46614
Ohio,LICKING COUNTY,0.2688567632793277,0.2078190237607227,0.2372856471693681,34201,27376,32324,127209,131730,136224
Ohio,LOGAN COUNTY,0.20608147542897162,0.13499694971385412,0.1420074561029056,7062,4647,4990,34268,34423,35139
Ohio,LORAIN COUNTY,0.35201645485932564,0.2814627030072185,0.3003850137622819,81464,66949,72792,231421,237861,242329
Ohio,LUCAS COUNTY,0.408377025952519,0.3331139283116633,0.3393184483139974,136616,110833,111989,334534,332718,330041
Ohio,MADISON COUNTY,0.2032001424924301,0.139374143311266,0.15582158176567887,6845,4779,5558,33686,34289,35669
Ohio,MAHONING COUNTY,0.4132226530032228,0.312670622660324,0.30754703593124866,77059,57381,56346,186483,183519,183211
Ohio,MARION COUNTY,0.23955858686489387,0.15336699359681194,0.15740110136016033,12504,7928,8089,52196,51693,51391
Ohio,MEDINA COUNTY,0.29521685518123275,0.23603705360744592,0.2805613224036699,38785,32182,39326,131378,136343,140169
Ohio,MEIGS COUNTY,0.2201268175358041,0.12461402734891927,0.13558947135589472,4027,2260,2452,18294,18136,18084
Ohio,MERCER COUNTY,0.1572285363994831,0.11185667537103758,0.13043905635648756,4745,3384,3981,30179,30253,30520
Ohio,MIAMI COUNTY,0.2083264454928091,0.16318002039750254,0.1870564687329411,16383,13120,15420,78641,80402,82435
Ohio,MONROE COUNTY,0.26506550218340613,0.14927249865277528,0.14609825267587595,3035,1662,1597,11450,11134,10931
Ohio,MONTGOMERY COUNTY,0.3317632885302058,0.29527953497151654,0.3171044387681334,137139,122016,131592,413364,413222,414980
Ohio,MORGAN COUNTY,0.2437418796015591,0.14991364421416234,0.1478170297717212,2814,1736,1703,11545,11580,11521
Ohio,MORROW COUNTY,0.22693543451652387,0.141566605186886,0.14568568714838898,5933,3761,3988,26144,26567,27374
Ohio,MUSKINGUM COUNTY,0.25925643528120046,0.1679754749463892,0.17603366428560732,17001,11123,11755,65576,66218,66777
Ohio,NOBLE COUNTY,0.17904553856494707,0.10372069317023445,0.09853392430958063,2131,1221,1156,11902,11772,11732
Ohio,OTTAWA COUNTY,0.34888235115707744,0.2521993242214849,0.2665240706151714,11503,8285,8847,32971,32851,33194
Ohio,PAULDING COUNTY,0.2429945054945055,0.1456202602101162,0.15195186791660836,3538,2093,2172,14560,14373,14294
Ohio,PERRY COUNTY,0.2605007778353952,0.15109910173081137,0.1448772196303931,7033,4138,4006,26998,27386,27651
Ohio,PICKAWAY COUNTY,0.2232365145228216,0.14518245091281048,0.1556825093405161,9684,6529,7167,43380,44971,46036
Ohio,PIKE COUNTY,0.26472916957756976,0.16526571401886617,0.14333364652823452,5684,3539,3051,21471,21414,21286
Ohio,PORTAGE COUNTY,0.30565950029052874,0.2462807404310312,0.2638455670772693,39453,32397,34935,129075,131545,132407
Ohio,PREBLE COUNTY,0.19447662585715628,0.13638800416259342,0.13946979464763043,6211,4325,4435,31937,31711,31799
Ohio,PUTNAM COUNTY,0.17006025757158047,0.11551690057323581,0.12479708595636853,4318,2922,3152,25391,25295,25257
Ohio,RICHLAND COUNTY,0.2373340586456884,0.16949063244188742,0.1812854422455786,22687,16085,17231,95591,94902,95049
Ohio,ROSS COUNTY,0.24194566228244985,0.17148818493434234,0.17116714649723683,14569,10356,10345,60216,60389,60438
Ohio,SANDUSKY COUNTY,0.3156626506024096,0.21755516115602883,0.22795779128183752,14541,9929,10391,46065,45639,45583
Ohio,SCIOTO COUNTY,0.24590217409032342,0.15305198940770287,0.15034639294002067,15077,9132,8876,61313,59666,59037
Ohio,SENECA COUNTY,0.26263677793971363,0.17169491918465785,0.1885748674860542,11353,7404,8147,43227,43123,43203
Ohio,SHELBY COUNTY,0.17597447634900817,0.11667812457032861,0.1201026565102247,6343,4243,4399,36045,36365,36627
Ohio,STARK COUNTY,0.30708691158443413,0.23318984101781448,0.25485288773390197,89432,68146,74336,291227,292234,291682
Ohio,SUMMIT COUNTY,0.36323394680502613,0.31525187322862197,0.34548528520124994,153037,134256,148151,421318,425869,428820
Ohio,TRUMBULL COUNTY,0.37941259704945063,0.2691183923219861,0.27592282729946255,61672,43014,43534,162546,159833,157776
Ohio,TUSCARAWAS COUNTY,0.2593083045713883,0.17092770492952808,0.17808045523691476,18407,12188,12643,70985,71305,70996
Ohio,UNION COUNTY,0.2271964907753838,0.18526164186269803,0.24667654720201204,8805,7718,10985,38755,41660,44532
Ohio,VAN WERT COUNTY,0.18602825745682888,0.12482643710080533,0.1393506792539719,4029,2697,3026,21658,21606,21715
Ohio,VINTON COUNTY,0.24047384007897335,0.13394804679754116,0.12747681795998048,2436,1351,1306,10130,10086,10245
Ohio,WARREN COUNTY,0.20650987085681297,0.19919330549863287,0.25321437205196967,32909,33730,45040,159358,169333,177873
Ohio,WASHINGTON COUNTY,0.2383251171067973,0.16531751426393954,0.1895472412287087,11651,8026,9114,48887,48549,48083
Ohio,WAYNE COUNTY,0.22921681170153677,0.17069625356303303,0.18625327710019376,19808,15031,16340,86416,88057,87730
Ohio,WILLIAMS COUNTY,0.2528623629719854,0.15333192597283793,0.16649052349749877,7266,4358,4726,28735,28422,28386
Ohio,WOOD COUNTY,0.3230228367160034,0.26486842870716903,0.2857923864148627,32802,27318,29797,101547,103138,104261
Ohio,WYANDOT COUNTY,0.24121042504810214,0.1480108286252354,0.15948301416968044,4137,2515,2690,17151,16992,16867
Pennsylvania,ADAMS COUNTY,0.18950686273278666,0.17559957517227753,0.22039171064736357,15091,14219,18207,79633,80974,82612
Pennsylvania,ALLEGHENY COUNTY,0.3551006189067089,0.36947434754510927,0.43363025937065425,352687,367617,429065,993203,994973,989472
Pennsylvania,ARMSTRONG COUNTY,0.16576256276802404,0.13410806367237127,0.16140612170857918,9045,7178,8453,54566,53524,52371
Pennsylvania,BEAVER COUNTY,0.27224903935873984,0.24231115878229909,0.2758425353857309,37055,32531,36521,136107,134253,132398
Pennsylvania,BEDFORD COUNTY,0.122264497842241,0.09377653142607219,0.1127840909090909,4788,3645,4367,39161,38869,38720
Pennsylvania,BERKS COUNTY,0.2614774985904135,0.2438218453332007,0.2834285295840656,83011,78437,92892,317469,321698,327744
Pennsylvania,BLAIR COUNTY,0.16232011249513817,0.14207049579122008,0.18142353074303819,16276,13958,17636,100271,98247,97209
Pennsylvania,BRADFORD COUNTY,0.17641764176417643,0.13387846047127572,0.17052390640895218,8624,6369,8046,48884,47573,47184
Pennsylvania,BUCKS COUNTY,0.32936978566064373,0.3371659572578676,0.40825964349674726,160521,167060,204712,487358,495483,501426
Pennsylvania,BUTLER COUNTY,0.19679747437496983,0.1929943014556945,0.24778919456413656,28550,28584,37379,145073,148108,150850
Pennsylvania,CAMBRIA COUNTY,0.2123900781277371,0.17412049171250324,0.20636669262474122,24249,18867,21730,114172,108356,105298
Pennsylvania,CAMERON COUNTY,0.17793069550258048,0.13611894386054857,0.1731767276700355,724,531,634,4069,3901,3661
Pennsylvania,CARBON COUNTY,0.22418833368826593,0.17482490120123645,0.2161266071669526,11580,8936,11212,51653,51114,51877
Pennsylvania,CENTRE COUNTY,0.260261662884384,0.26986829658735356,0.2895695675433396,34176,37088,40055,131314,137430,138326
Pennsylvania,CHESTER COUNTY,0.32350415339454125,0.356923867561147,0.44806203074020207,124311,141682,182372,384264,396953,407024
Pennsylvania,CLARION COUNTY,0.15862956107049855,0.1367622583536039,0.1497103721957308,5056,4273,4678,31873,31244,31247
Pennsylvania,CLEARFIELD COUNTY,0.16951710261569417,0.1255454336676108,0.14789133884959707,11121,8200,9598,65604,65315,64899
Pennsylvania,CLINTON COUNTY,0.18192778729614822,0.1530668215403478,0.1778108134311476,5734,4744,5502,31518,30993,30943
Pennsylvania,COLUMBIA COUNTY,0.19955480139398252,0.16445467096180397,0.19206286983629203,10937,8934,10289,54807,54325,53571
Pennsylvania,CRAWFORD COUNTY,0.20218157457839397,0.16112734802978454,0.19194154426507062,13883,10971,12924,68666,68089,67333
Pennsylvania,CUMBERLAND COUNTY,0.23313750630570035,0.23886101571100277,0.30798652172407137,44367,47085,62245,190304,197123,202103
Pennsylvania,DAUPHIN COUNTY,0.3111201570805996,0.30440141507658725,0.3661478833734359,64965,64706,78977,208810,212568,215697
Pennsylvania,DELAWARE COUNTY,0.3968820895729276,0.4045120599783837,0.4667711357736593,171792,177402,206423,432854,438558,442236
Pennsylvania,ELK COUNTY,0.21715625869539293,0.1572781451547065,0.18706821660530343,5463,3853,4522,25157,24498,24173
Pennsylvania,ERIE COUNTY,0.3108511902042308,0.2686787986388519,0.32102561209522734,68036,58112,68286,218870,216288,212712
Pennsylvania,FAYETTE COUNTY,0.2026340302692134,0.16822429906542055,0.1911894104594667,21971,17946,19990,108427,106679,104556
Pennsylvania,FOREST COUNTY,0.1334723670490094,0.09582121536813103,0.11255411255411256,896,626,728,6713,6533,6468
Pennsylvania,FRANKLIN COUNTY,0.16381778667034635,0.14701054704926725,0.18561104626617328,18995,17465,22422,115952,118801,120801
Pennsylvania,FULTON COUNTY,0.11359694762400277,0.0786410278520307,0.09309309309309309,1310,912,1085,11532,11597,11655
Pennsylvania,GREENE COUNTY,0.19097970106389922,0.14980447207460143,0.16806981519507186,5852,4482,4911,30642,29919,29220
Pennsylvania,HUNTINGDON COUNTY,0.14593282072035613,0.12286828000649667,0.14630017733354828,5409,4539,5445,37065,36942,37218
Pennsylvania,INDIANA COUNTY,0.20122629442188977,0.16556795496000115,0.18309083531389483,14473,11528,12634,71924,69627,69004
Pennsylvania,JEFFERSON COUNTY,0.13587465584286565,0.1053360653372197,0.13233359642199422,4787,3650,4527,35231,34651,34209
Pennsylvania,JUNIATA COUNTY,0.1347333897587812,0.09605443612195379,0.11721554549711254,2547,1821,2253,18904,18958,19221
Pennsylvania,LACKAWANNA COUNTY,0.36168706973697295,0.3091962432266852,0.3718515497063746,61838,51983,61991,170971,168123,166709
Pennsylvania,LANCASTER COUNTY,0.22209142091220108,0.22210383359706634,0.2772460865049336,88481,91093,115847,398399,410137,417849
Pennsylvania,LAWRENCE COUNTY,0.24544511716560152,0.2005468548687262,0.23320440779391374,17513,14009,15978,71352,69854,68515
Pennsylvania,LEBANON COUNTY,0.19079395211934688,0.17771714159798213,0.21827999160882533,19900,18953,23932,104301,106647,109639
Pennsylvania,LEHIGH COUNTY,0.2869664033431698,0.29054454773456423,0.3441675518533013,78283,81324,98498,272795,279902,286192
Pennsylvania,LUZERNE COUNTY,0.24977472228695718,0.20579188147869143,0.25466257885460136,64307,52451,64873,257460,254874,254741
Pennsylvania,LYCOMING COUNTY,0.16344324155799478,0.14270056992547128,0.18821950624403877,15203,13020,16971,93017,91240,90166
Pennsylvania,MCKEAN COUNTY,0.15487851232420105,0.12076207620762076,0.15586329720268985,5297,4025,5076,34201,33330,32567
Pennsylvania,MERCER COUNTY,0.26463682330970767,0.20737026213248316,0.23824710206389596,24232,18733,21067,91567,90336,88425
Pennsylvania,MIFFLIN COUNTY,0.11856928797380543,0.10799743725451963,0.12821012756949474,4273,3877,4603,36038,35899,35902
Pennsylvania,MONROE COUNTY,0.268462974960936,0.2549957147367946,0.3137932542980883,35221,33918,43038,131195,133014,137154
Pennsylvania,MONTGOMERY COUNTY,0.37190874245961864,0.39952696177470465,0.4897208151003548,233356,256082,319511,627455,640963,652435
Pennsylvania,MONTOUR COUNTY,0.20931029754559166,0.19630342173972792,0.26039221102057725,3053,2857,3771,14586,14554,14482
Pennsylvania,NORTHAMPTON COUNTY,0.2866932696670667,0.27561311358144835,0.34686416126004815,67606,66272,85006,235813,240453,245070
Pennsylvania,NORTHUMBERLAND COUNTY,0.1735159817351598,0.13225061139560335,0.17346505931774334,13072,9788,12677,75336,74011,73081
Pennsylvania,PERRY COUNTY,0.1599966227625802,0.1287560806115358,0.16341664377918155,5685,4632,5950,35532,35975,36410
Pennsylvania,PHILADELPHIA COUNTY,0.4880221132766688,0.475286563556684,0.48649638856903593,588806,584025,604175,1206515,1228785,1241890
Pennsylvania,PIKE COUNTY,0.2294330464483944,0.20636300804851404,0.28241393522636066,10210,9256,13019,44501,44853,46099
Pennsylvania,POTTER COUNTY,0.1380539989811513,0.09741863075196408,0.13092619282409163,1897,1302,1726,13741,13365,13183
Pennsylvania,SCHUYLKILL COUNTY,0.20797817356086154,0.14564118597259132,0.18247461716610455,24546,16770,20722,118022,115146,113561
Pennsylvania,SNYDER COUNTY,0.15036894449791466,0.12546634479731636,0.1533320841921179,4687,4002,4910,31170,31897,32022
Pennsylvania,SOMERSET COUNTY,0.15091322010043823,0.12038911013906117,0.14141230219161757,9436,7376,8543,62526,61268,60412
Pennsylvania,SULLIVAN COUNTY,0.18875502008032127,0.1392757660167131,0.16967575534266766,1034,750,921,5478,5385,5428
Pennsylvania,SUSQUEHANNA COUNTY,0.20232225690696384,0.15327309717568213,0.18497461311604999,6935,5123,6084,34277,33424,32891
Pennsylvania,TIOGA COUNTY,0.1581448898860483,0.11806186066218752,0.15241464164872348,5357,3901,4955,33874,33042,32510
Pennsylvania,UNION COUNTY,0.1652823246124293,0.16561260585271734,0.201994271199265,6109,6180,7475,36961,37316,37006
Pennsylvania,VENANGO COUNTY,0.1849566998789459,0.15020355688879367,0.18503610460577674,7945,6309,7585,42956,42003,40992
Pennsylvania,WARREN COUNTY,0.2120660906472639,0.15973796143934926,0.19179208296446187,6995,5145,6066,32985,32209,31628
Pennsylvania,WASHINGTON COUNTY,0.24272925265019793,0.21807287507729994,0.2681678853571193,40345,36322,44706,166214,166559,166709
Pennsylvania,WAYNE COUNTY,0.19657239183367672,0.16457271681187327,0.2137640710763792,8396,7008,9191,42712,42583,42996
Pennsylvania,WESTMORELAND COUNTY,0.2175034986517391,0.20670458796957059,0.2527678574557791,63722,59669,72122,292970,288668,285329
Pennsylvania,WYOMING COUNTY,0.22579637726420987,0.1729442730078054,0.21781811446564178,5061,3811,4704,22414,22036,21596
Pennsylvania,YORK COUNTY,0.2167697338024665,0.19861050325056445,0.2515006464982061,73191,68524,88113,337644,345017,350349
Wisconsin,ADAMS COUNTY,0.3212194980583087,0.22151712791585876,0.24919410545705734,5542,3770,4329,17253,17019,17372
Wisconsin,ASHLAND COUNTY,0.44192518621592863,0.3479835390946502,0.3950556242274413,5399,4228,4794,12217,12150,12135
Wisconsin,BARRON COUNTY,0.30441102476659027,0.22267126384806693,0.2585619811453497,10890,7879,9188,35774,35384,35535
Wisconsin,BAYFIELD COUNTY,0.4918874847125968,0.40227365002030047,0.4951331349046738,6033,4954,6155,12265,12315,12431
Wisconsin,BROWN COUNTY,0.3282308104192258,0.2709272572194468,0.3237826456574603,62526,53364,65509,190494,196968,202324
Wisconsin,BUFFALO COUNTY,0.340876539673446,0.24421072944808955,0.27580551803974535,3570,2531,2859,10473,10364,10366
Wisconsin,BURNETT COUNTY,0.3205468435866506,0.23610443696940572,0.28036135113904165,3986,2948,3569,12435,12486,12730
Wisconsin,CALUMET COUNTY,0.3134531961913077,0.2578937518380879,0.31530593654842154,11489,9646,12115,36653,37403,38423
Wisconsin,CHIPPEWA COUNTY,0.3143983162759987,0.24168361122407483,0.27712679624717945,15237,11886,14001,48464,49180,50522
Wisconsin,CLARK COUNTY,0.2540126759404066,0.17357204451196978,0.18423412407271542,6172,4227,4520,24298,24353,24534
Wisconsin,COLUMBIA COUNTY,0.39346177636251173,0.3048181367467436,0.3611471837651047,17175,13526,16408,43651,44374,45433
Wisconsin,CRAWFORD COUNTY,0.356983110974011,0.2660400807829734,0.3064816250581486,4629,3425,3953,12967,12874,12898
Wisconsin,DANE COUNTY,0.5469113459469721,0.5167919489874464,0.5961065653591552,216071,217526,260157,395075,420916,436427
Wisconsin,DODGE COUNTY,0.27059145910552806,0.20064353022293727,0.23144086264964764,18762,13968,16355,69337,69616,70666
Wisconsin,DOOR COUNTY,0.411821662778927,0.3519712318554576,0.43347287557723013,9357,8026,10044,22721,22803,23171
Wisconsin,DOUGLAS COUNTY,0.4305869401471696,0.32718096611391495,0.3807410822336195,14863,11345,13214,34518,34675,34706
Wisconsin,DUNN COUNTY,0.323378961506587,0.25434666215797336,0.2714571405089993,11316,9026,9909,34993,35487,36503
Wisconsin,EAU CLAIRE COUNTY,0.3833489593099569,0.33310551880690276,0.3783748204882719,30666,27294,31617,79995,81938,83560
Wisconsin,FLORENCE COUNTY,0.2617412798681681,0.18152085036794766,0.21211298207495927,953,666,781,3641,3669,3682
Wisconsin,FOND DU LAC COUNTY,0.2826594925037576,0.21736304665725106,0.252768569674647,22379,17391,20588,79173,80009,81450
Wisconsin,FOREST COUNTY,0.33471359558316083,0.22033662539991655,0.23817427385892115,2425,1584,1722,7245,7189,7230
Wisconsin,GRANT COUNTY,0.3380582910573958,0.24333292963546083,0.26825859913211897,13594,10046,10942,40212,41285,40789
Wisconsin,GREEN COUNTY,0.39860562728986587,0.320362435906441,0.3766968718536264,11206,9122,10850,28113,28474,28803
Wisconsin,GREEN LAKE COUNTY,0.2588371775624403,0.18695923029002562,0.2263742215001354,3793,2701,3344,14654,14447,14772
Wisconsin,IOWA COUNTY,0.4526668528344038,0.3707059477487493,0.42552728854098715,8105,6669,7828,17905,17990,18396
Wisconsin,IRON COUNTY,0.362012987012987,0.26554025865665415,0.3173256054647071,1784,1273,1533,4928,4794,4831
Wisconsin,JACKSON COUNTY,0.33404791929382094,0.23930606876683158,0.2635164426828513,5298,3821,4255,15860,15967,16147
Wisconsin,JEFFERSON COUNTY,0.3103570383827809,0.25042718241066975,0.29650816350852105,20158,16561,19904,64951,66131,67128
Wisconsin,JUNEAU COUNTY,0.2939902034664657,0.1933447260989272,0.22226904527789484,6242,4073,4747,21232,21066,21357
Wisconsin,KENOSHA COUNTY,0.3571729941011169,0.2788531248294733,0.3207026558628134,44867,35771,42191,125617,128279,131558
Wisconsin,KEWAUNEE COUNTY,0.3253361954668855,0.2275325001570056,0.24788082772375966,5153,3623,3977,15839,15923,16044
Wisconsin,LA CROSSE COUNTY,0.39742867664579856,0.3444149218833032,0.3985687485508316,36693,32406,37817,92326,94090,94882
Wisconsin,LAFAYETTE COUNTY,0.3606296708538718,0.2619294192623277,0.287640981149933,4536,3288,3647,12578,12553,12679
Wisconsin,LANGLADE COUNTY,0.29334787350054525,0.2131136824213898,0.23970740548938374,4573,3260,3703,15589,15297,15448
Wisconsin,LINCOLN COUNTY,0.3346016015573154,0.23844411882243238,0.2773470382349032,7563,5370,6260,22603,22521,22571
Wisconsin,MANITOWOC COUNTY,0.3225923759229687,0.23106820860811111,0.2676056338028169,20403,14506,16815,63247,62778,62835
Wisconsin,MARATHON COUNTY,0.31673778578139683,0.25491253237313105,0.2934894444021035,32363,26477,30807,102176,103867,104968
Wisconsin,MARINETTE COUNTY,0.29823449524671797,0.19216917536245268,0.22491370620398937,9882,6243,7363,33135,32487,32737
Wisconsin,MARQUETTE COUNTY,0.32810201078960277,0.23189961198712128,0.2575335930667091,4014,2809,3239,12234,12113,12577
Wisconsin,MENOMINEE COUNTY,0.40400271370420626,0.3316798941798942,0.4284774745149622,1191,1003,1303,2948,3024,3041
Wisconsin,MILWAUKEE COUNTY,0.462337821280407,0.3992090381422764,0.4404398136900341,332438,288797,317251,719037,723423,720305
Wisconsin,MONROE COUNTY,0.2851192616564785,0.20826807718448037,0.24381921753462685,9515,7048,8432,33372,33841,34583
Wisconsin,OCONTO COUNTY,0.301253950453665,0.19753583778158257,0.22160253448617254,8865,5884,6715,29427,29787,30302
Wisconsin,ONEIDA COUNTY,0.35685752330226367,0.2774772307060193,0.34224073697757906,10452,8104,10105,29289,29206,29526
Wisconsin,OUTAGAMIE COUNTY,0.3382072990970571,0.27116870171941193,0.33082284016603963,45659,38087,47659,135003,140455,144062
Wisconsin,OZAUKEE COUNTY,0.28439740525776713,0.2915251297321519,0.37732492777959614,19159,20168,26515,67367,69181,70271
Wisconsin,PEPIN COUNTY,0.32958538299367535,0.23567548624496232,0.2581484049930652,1876,1345,1489,5692,5707,5768
Wisconsin,PIERCE COUNTY,0.3207558995894575,0.2561344537815126,0.2884122447777025,10235,8382,9789,31909,32725,33941
Wisconsin,POLK COUNTY,0.2992217205323194,0.22296839562899473,0.2692186017083201,10073,7570,9361,33664,33951,34771
Wisconsin,PORTAGE COUNTY,0.39269576973707615,0.32651658057578054,0.35638761908085287,22075,18521,20426,56214,56723,57314
Wisconsin,PRICE COUNTY,0.3442564874678948,0.24206421186286958,0.2858968507530808,3887,2669,3132,11291,11026,10955
Wisconsin,RACINE COUNTY,0.35958348879015023,0.2853499080425823,0.33124409719241005,53008,42512,50154,147415,148982,151411
Wisconsin,RICHLAND COUNTY,0.35991597856004637,0.26067628625564787,0.29327314437948643,4969,3577,3963,13806,13722,13513
Wisconsin,ROCK COUNTY,0.4061576801835256,0.31961493155692755,0.3703712525406504,49219,39343,46649,121182,123095,125952
Wisconsin,RUSK COUNTY,0.3028979045920642,0.1941339533220066,0.22284196547144755,3397,2171,2517,11215,11183,11295
Wisconsin,SAUK COUNTY,0.3927059316705093,0.29950666612304805,0.36333166081284496,18736,14692,18103,47710,49054,49825
Wisconsin,SAWYER COUNTY,0.34070023543707756,0.2680128499311611,0.3357991481730554,4486,3504,4494,13167,13074,13383
Wisconsin,SHAWANO COUNTY,0.27862914460852606,0.18876040270548267,0.22168682189821867,9000,6056,7131,32301,32083,32167
Wisconsin,SHEBOYGAN COUNTY,0.3171490889262507,0.257764602843091,0.30084007501858817,27918,22956,27109,88028,89058,90111
Wisconsin,ST. CROIX COUNTY,0.31959805448095413,0.2682313238226722,0.3385450882494635,19910,17486,23190,62297,65190,68499
Wisconsin,TAYLOR COUNTY,0.24458888527786804,0.1552606021366138,0.17270570127621368,3763,2398,2693,15385,15445,15593
Wisconsin,TREMPEALEAU COUNTY,0.3427065026362039,0.2540913394346513,0.28286511795425895,7605,5636,6283,22191,22181,22212
Wisconsin,VERNON COUNTY,0.36357062146892655,0.2811614730878187,0.3269036868177634,8044,6352,7457,22125,22592,22811
Wisconsin,VILAS COUNTY,0.33779871714820914,0.2666592128801431,0.3199631416336929,5951,4770,5903,17617,17888,18449
Wisconsin,WALWORTH COUNTY,0.2834518991478344,0.2323697842262829,0.27505070504152984,22552,18706,22783,79562,80501,82832
Wisconsin,WASHBURN COUNTY,0.3510974261803253,0.2606142369653202,0.3031039347860166,4447,3284,3867,12666,12601,12758
Wisconsin,WASHINGTON COUNTY,0.22868255315788436,0.2004344107103384,0.24997420238463774,23166,20855,26647,101302,104049,106599
Wisconsin,WAUKESHA COUNTY,0.26063409195425113,0.2544651893548729,0.32647589471500504,78779,79200,103867,302259,311241,318146
Wisconsin,WAUPACA COUNTY,0.2849899079407276,0.20748826117953634,0.23836323420987957,11578,8440,9699,40626,40677,40690
Wisconsin,WAUSHARA COUNTY,0.2707159892424012,0.1934990049497372,0.21958664865135366,5335,3792,4388,19707,19597,19983
Wisconsin,WINNEBAGO COUNTY,0.3424556380213239,0.2756358280456145,0.32183605791003783,45449,37054,44060,132715,134431,136902
Wisconsin,WOOD COUNTY,0.32094863025529413,0.2479788123780318,0.2857791674672909,18581,14232,16360,57894,57392,57247
