,,repturnout,repturnout,repturnout,gop,gop,gop,AGE18PLUS_TOT,AGE18PLUS_TOT,AGE18PLUS_TOT
year,,2012,2016,2020,2012,2016,2020,2012,2016,2020
state,county,,,,,,,,,
Arizona,APACHE COUNTY,0.1631047231173761,0.16017416997123085,0.21810072052152032,8250,8240,11442,50581,51444,52462
Arizona,COCHISE COUNTY,0.28773069569628157,0.28631707689955666,0.3593467341761918,29497,28092,35557,102516,98115,98949
Arizona,COCONINO COUNTY,0.20141426605286888,0.19056389144683386,0.23579659362306712,21220,21108,27052,105355,110766,114726
Arizona,GILA COUNTY,0.32038765596723495,0.3339062463211923,0.4237847062079144,13455,14182,18377,41996,42473,43364
Arizona,GRAHAM COUNTY,0.30327838071275676,0.2932578110725379,0.37735650342285415,8076,8025,10749,26629,27365,28485
Arizona,GREENLEE COUNTY,0.25611325611325614,0.27293710328909404,0.3511329196132198,1592,1892,2433,6216,6932,6929
Arizona,LA PAZ COUNTY,0.2189471202027943,0.23362904167153029,0.2913873423474605,3714,4003,5129,16963,17134,17602
Arizona,MARICOPA COUNTY,0.2553999836518943,0.23269341898458926,0.290029700178504,749885,747361,995665,2936120,3211784,3432976
Arizona,MOHAVE COUNTY,0.30062977682665853,0.3455386257188593,0.44414722149958713,49168,58282,78535,163550,168670,176822
Arizona,NAVAJO COUNTY,0.25996574581301396,0.26063991488068095,0.33808860202435087,19884,20577,27657,76487,78948,81804
Arizona,PIMA COUNTY,0.22665279958917486,0.2096715819792743,0.2497175385710096,174779,167428,207758,771131,798525,831972
Arizona,PINAL COUNTY,0.21706778932056828,0.22825770090370226,0.2970853853090102,62079,72819,107077,285989,319021,360425
Arizona,SANTA CRUZ COUNTY,0.1266106610063081,0.11607196044558289,0.18151979603200188,4235,3897,6194,33449,33574,34123
Arizona,YAVAPAI COUNTY,0.3719486513774701,0.382046544013283,0.4631370683722625,64468,71330,91527,173325,186705,197624
Arizona,YUMA COUNTY,0.15784777612545628,0.1629878625370795,0.22802681346665168,23352,25165,36534,147940,154398,160218
Florida,ALACHUA COUNTY,0.236162129461585,0.2164993250864444,0.2308995533489767,48797,46834,50972,206625,216324,220754
Florida,BAKER COUNTY,0.445056034910245,0.4893515877543259,0.5355906290750483,8975,10294,11911,20166,21036,22239
Florida,BAY COUNTY,0.42227023334892455,0.4325275397796818,0.4764709274664437,56876,62194,66097,134691,143792,138722
Florida,BRADFORD COUNTY,0.38195928989683053,0.4172752808988764,0.4546414430268368,8219,8913,10334,21518,21360,22730
Florida,BREVARD COUNTY,0.3601367298771059,0.38702757003179683,0.4218516316380099,159300,181848,207883,442332,469858,492787
Florida,BROWARD COUNTY,0.17214493401608044,0.1736167432564508,0.21614103372785246,244101,260951,333409,1417997,1503029,1542553
Florida,CALHOUN COUNTY,0.3779104994373756,0.4097350585335798,0.46689093484419264,4366,4655,5274,11553,11361,11296
Florida,CHARLOTTE COUNTY,0.34159881569207995,0.38771528828509805,0.43968927655947027,47996,60218,73243,140504,155315,166579
Florida,CITRUS COUNTY,0.3789861344466507,0.44758601416994065,0.511914273628801,44662,54456,65352,117846,121666,127662
Florida,CLAY COUNTY,0.48240797514312683,0.47520428021730726,0.5001835427299317,70022,74963,84480,145151,157749,168898
Florida,COLLIER COUNTY,0.358061009856694,0.35034960851821817,0.4027837212280609,96520,105423,128950,269563,300908,320147
Florida,COLUMBIA COUNTY,0.34746785323730156,0.37728998795961843,0.42378124666642963,18429,20368,23836,53038,53985,56246
Florida,DESOTO COUNTY,0.20316363636363635,0.23250548847420416,0.2694738889429155,5587,6778,8313,27500,29152,30849
Florida,DIXIE COUNTY,0.38659320477502296,0.43376545969304126,0.4914564095106522,5052,5822,6759,13068,13422,13753
Florida,DUVAL COUNTY,0.3126639115974427,0.2957320651171628,0.31504015460770585,211615,211672,233762,676813,715756,742007
Florida,ESCAMBIA COUNTY,0.3706283188428806,0.360933302445428,0.38349762976773705,88711,88808,96674,239353,246051,252085
Florida,FLAGLER COUNTY,0.3384069064170452,0.3819851945472601,0.44857952769035164,26969,33850,43043,79694,88616,95954
Florida,FRANKLIN COUNTY,0.3692212224635433,0.4169193450576107,0.4557418600116982,3570,4125,4675,9669,9894,10258
Florida,GADSDEN COUNTY,0.18465394791811726,0.18707076324204086,0.20849625740140768,6630,6728,7465,35905,35965,35804
Florida,GILCHRIST COUNTY,0.4427235316124205,0.48108493932905066,0.5303997312730937,5917,6740,7895,13365,14010,14885
Florida,GLADES COUNTY,0.22553641874338498,0.26590929262447854,0.3198849699737799,2344,2996,3782,10393,11267,11823
Florida,GULF COUNTY,0.37536634853836326,0.3922708870077291,0.5483986722885081,4995,5329,6113,13307,13585,11147
Florida,HAMILTON COUNTY,0.2630343671416597,0.29788890811559093,0.3265148921602191,3138,3443,3815,11930,11558,11684
Florida,HARDEE COUNTY,0.23557740543794523,0.26123791488089304,0.3048956621345685,4696,5242,6122,19934,20066,20079
Florida,HENDRY COUNTY,0.19668699037684567,0.21165738494653047,0.2566883116883117,5355,6195,7906,27226,29269,30800
Florida,HERNANDO COUNTY,0.3221870115717174,0.397125771085311,0.4440660435665544,44938,58970,70412,139478,148492,158562
Florida,HIGHLANDS COUNTY,0.3217935504699937,0.3501510037306804,0.3947142048670062,25915,29565,34873,80533,84435,88350
Florida,HILLSBOROUGH COUNTY,0.25501782268643997,0.247199587244216,0.28550574241538984,250186,266870,327398,981053,1079573,1146730
Florida,HOLMES COUNTY,0.442816,0.48342916209057435,0.5171530977982591,6919,7483,8080,15625,15479,15624
Florida,INDIAN RIVER COUNTY,0.37824379967442306,0.38667705864575547,0.4364218626062848,43450,48620,58872,114873,125738,134897
Florida,JACKSON COUNTY,0.3369748110198649,0.36308765853410074,0.4114006428135044,13418,14257,15488,39819,39266,37647
Florida,JEFFERSON COUNTY,0.3266986959505834,0.34203655352480417,0.3767664872139973,3808,3930,4479,11656,11490,11888
Florida,LAFAYETTE COUNTY,0.3814152966404575,0.40318645040907136,0.4638196915776987,2668,2809,3128,6995,6967,6744
Florida,LAKE COUNTY,0.3618934754871397,0.3796411189954304,0.4227144488479882,87643,102188,125859,242179,269170,297740
Florida,LEE COUNTY,0.29569622292636893,0.32382406242815215,0.3661257510972141,154163,191551,233247,521356,591528,637068
Florida,LEON COUNTY,0.2426684176653737,0.2310846435901179,0.24047565232677867,55805,53821,57453,229964,232906,238914
Florida,LEVY COUNTY,0.38088918380889186,0.4309400907242296,0.5009121631725334,12054,13775,16749,31647,31965,33437
Florida,LIBERTY COUNTY,0.3468495628580042,0.37562776957163957,0.4123442480440452,2301,2543,2846,6634,6770,6902
Florida,MADISON COUNTY,0.29613449827905747,0.3285917496443812,0.3695652173913043,4474,4851,5576,15108,14763,15088
Florida,MANATEE COUNTY,0.3209203311633067,0.3351623964782041,0.37787821985729836,85627,101944,124987,266817,304163,330760
Florida,MARION COUNTY,0.34379133750618907,0.38208302624865353,0.42885276701390634,93043,107833,127826,270638,282224,298065
Florida,MARTIN COUNTY,0.3910322999513066,0.4032408424977831,0.4533783984108631,48183,53204,61168,123220,131941,134916
Florida,MIAMI-DADE COUNTY,0.1641460835615324,0.1563233206542572,0.24585548302673282,332981,333999,532833,2028565,2136591,2167261
Florida,MONROE COUNTY,0.30421991648740987,0.3356317612086666,0.4079743398383537,19234,21904,25693,63224,65262,62977
Florida,NASSAU COUNTY,0.5091004967000068,0.5356824612690919,0.5981731309724564,29929,34266,42566,58788,63967,71160
Florida,OKALOOSA COUNTY,0.47677871319757287,0.461773150318905,0.4868700427089689,70168,71893,79798,147171,155689,163900
Florida,OKEECHOBEE COUNTY,0.23982196622594582,0.29380731063936694,0.3454091004908604,7328,9356,11470,30556,31844,33207
Florida,ORANGE COUNTY,0.2037837259586552,0.1900528346412998,0.22565374832873256,188589,195216,245398,925437,1027167,1087498
Florida,OSCEOLA COUNTY,0.18910344506300808,0.19798320915349102,0.2576880319549993,40592,50301,73480,214655,254067,285151
Florida,PALM BEACH COUNTY,0.2280750275185716,0.2329253464354304,0.2759385683817934,247398,272402,334711,1084722,1169482,1212991
Florida,PASCO COUNTY,0.30219062466401464,0.350118019247732,0.40653687374386643,112427,142101,179621,372040,405866,441832
Florida,PINELLAS COUNTY,0.27998960171414167,0.29910144898541013,0.33686037336377417,213258,239201,276209,761664,799732,819951
Florida,POLK COUNTY,0.2774317474508084,0.3047808957766657,0.34406993645034323,131577,157430,194586,474268,516535,565542
Florida,PUTNAM COUNTY,0.3397500131849586,0.38992514310876264,0.4342586761527071,19326,22138,25514,56883,56775,58753
Florida,SANTA ROSA COUNTY,0.477776409245802,0.4948612110425266,0.536952102082307,58186,65339,77385,121785,132035,144119
Florida,SARASOTA COUNTY,0.3379451233684417,0.3527794157670326,0.3979689821843366,110504,124438,148370,326988,352736,372818
Florida,SEMINOLE COUNTY,0.3278914891903741,0.30507524927454627,0.33520239382487393,109943,109443,125241,335303,358741,373628
Florida,ST. JOHNS COUNTY,0.5004653238143805,0.48411468000087343,0.5347284811621305,78513,88684,110946,156880,183188,207481
Florida,ST. LUCIE COUNTY,0.25349787556493736,0.288439678768256,0.3286737374425594,56202,70289,86831,221706,243687,264186
Florida,SUMTER COUNTY,0.4354897465018107,0.46549197549391763,0.5101483438325544,40646,52730,62761,93334,113278,123025
Florida,SUWANNEE COUNTY,0.3711340206185567,0.41231133300626244,0.4678412589804995,12672,14287,16410,34144,34651,35076
Florida,TAYLOR COUNTY,0.3397303468522344,0.390400540814602,0.44777585210860776,6249,6930,7751,18394,17751,17310
Florida,UNION COUNTY,0.3232881163187393,0.3703583590076212,0.41987730061349693,3980,4568,5133,12311,12334,12225
Florida,VOLUSIA COUNTY,0.2899899297053945,0.329352129283959,0.3807622210344616,117490,143007,173821,405152,434207,456508
Florida,WAKULLA COUNTY,0.38418593110293203,0.419523486450892,0.48125303726963475,9290,10512,12874,24181,25057,26751
Florida,WALTON COUNTY,0.47159253000943624,0.49489844935918376,0.5585467984471154,21490,25756,32947,45569,52043,58987
Florida,WASHINGTON COUNTY,0.409683995922528,0.4412035145075603,0.48416511422688496,8038,8637,9876,19620,19576,20398
Georgia,APPLING COUNTY,0.38074796274738065,0.3975973368070633,0.470410149210697,5233,5494,6526,13744,13818,13873
Georgia,ATKINSON COUNTY,0.3284189120488053,0.31347020530796194,0.3817427385892116,1938,1878,2300,5901,5991,6025
Georgia,BACON COUNTY,0.37550078912225326,0.40157574310612393,0.48229504261193135,3093,3364,4018,8237,8377,8331
Georgia,BAKER COUNTY,0.30203924586379377,0.30214424951267055,0.36657131181038005,785,775,897,2599,2565,2447
Georgia,BALDWIN COUNTY,0.20297413677819678,0.21056519122394265,0.24323807442216272,7589,7697,8903,37389,36554,36602
Georgia,BANKS COUNTY,0.38943846377654934,0.4346655328798186,0.5207776590058792,5354,6134,7795,13748,14112,14968
Georgia,BARROW COUNTY,0.3688855617501625,0.37338144767565273,0.4335813652539631,18725,21108,26804,50761,56532,61820
Georgia,BARTOW COUNTY,0.36170814099026954,0.38441568456091196,0.4591758382390581,26876,29911,37674,74303,77809,82047
Georgia,BEN HILL COUNTY,0.2618148176701873,0.290746500777605,0.32606108687028956,3396,3739,4110,12971,12860,12605
Georgia,BERRIEN COUNTY,0.334923928077455,0.37823508894314617,0.43489159891598916,4843,5422,6419,14460,14335,14760
Georgia,BIBB COUNTY,0.21922109477935012,0.20856538107878347,0.22910005946174197,25623,24043,26585,116882,115278,116041
Georgia,BLECKLEY COUNTY,0.3576984443558037,0.36375195618153366,0.42011259949524365,3587,3719,4328,10028,10224,10302
Georgia,BRANTLEY COUNTY,0.35880014456089626,0.39752927734932875,0.4761288565007151,4964,5567,6991,13835,14004,14683
Georgia,BROOKS COUNTY,0.2936704676912907,0.30155626171270267,0.35142715723477974,3554,3701,4260,12102,12273,12122
Georgia,BRYAN COUNTY,0.4181428508944583,0.41608377790950407,0.509096107795132,9560,10529,14244,22863,25305,27979
Georgia,BULLOCH COUNTY,0.24182761209308673,0.25285142445609393,0.28795163740583546,14174,15097,18386,58612,59707,63851
Georgia,BURKE COUNTY,0.2555707409828273,0.26968113853359754,0.32449972958355866,4301,4491,5400,16829,16653,16641
Georgia,BUTTS COUNTY,0.34408250122769685,0.35780109732062004,0.42383905611859024,6306,6717,8406,18327,18773,19833
Georgia,CALHOUN COUNTY,0.166384021104202,0.15906477577615946,0.1795370550476561,883,830,923,5307,5218,5141
Georgia,CAMDEN COUNTY,0.29825668533564725,0.3105214035264738,0.36764457729672395,11343,12310,15251,38031,39643,41483
Georgia,CANDLER COUNTY,0.28388034395058737,0.328159645232816,0.38645614900703096,2344,2664,3133,8257,8118,8107
Georgia,CARROLL COUNTY,0.3380429845322623,0.340754609929078,0.4087384252947528,28280,30029,37476,83658,88125,91687
Georgia,CATOOSA COUNTY,0.3641145886430829,0.41139839192810973,0.48108500755070444,17858,20876,25167,49045,50744,52313
Georgia,CHARLTON COUNTY,0.23500418487863853,0.2835591428845969,0.312665752171925,2527,2951,3419,10753,10407,10935
Georgia,CHATHAM COUNTY,0.21966383113377883,0.20260035120705253,0.23239073876831207,47204,45688,53237,214892,225508,229084
Georgia,CHATTAHOOCHEE COUNTY,0.08217799642218247,0.09467977811396873,0.10417899846099207,735,751,880,8944,7932,8447
Georgia,CHATTOOGA COUNTY,0.2742178855245951,0.33490541591085776,0.41895261845386533,5452,6462,8064,19882,19295,19248
Georgia,CHEROKEE COUNTY,0.4739176215546609,0.4470367167753093,0.50574625084429,76514,80649,99587,161450,180408,196911
Georgia,CLARKE COUNTY,0.1395299512175415,0.12348879890465231,0.13586133604190767,13815,12717,14446,99011,102981,106329
Georgia,CLAY COUNTY,0.22080592105263158,0.23962743437764605,0.2785308264101443,537,566,637,2432,2362,2287
Georgia,CLAYTON COUNTY,0.07445958448986457,0.06315836792184246,0.07471861799143804,14164,12645,15813,190224,200211,211634
Georgia,CLINCH COUNTY,0.32354727677667544,0.34588423793310635,0.4245663574021783,1598,1727,2105,4939,4993,4958
Georgia,COBB COUNTY,0.3244267526152021,0.2699402965049977,0.2836937679924421,171722,152912,165459,529309,566466,583231
Georgia,COFFEE COUNTY,0.2872584953718084,0.2961178541647364,0.3234071175247646,9248,9588,10578,32194,32379,32708
Georgia,COLQUITT COUNTY,0.27644683714670254,0.2966848510281158,0.34731192308826564,9243,9898,11777,33435,33362,33909
Georgia,COLUMBIA COUNTY,0.42969875303510435,0.39302524994526744,0.42609947688585204,41765,43085,50013,97196,109624,117374
Georgia,COOK COUNTY,0.317723052079128,0.3290002363507445,0.3784952881198826,3935,4176,4900,12385,12693,12946
Georgia,COWETA COUNTY,0.4132414856809371,0.40437527333574186,0.45675136357589463,39653,42533,51501,95956,105182,112755
Georgia,CRAWFORD COUNTY,0.3456840808785795,0.37567176519222817,0.44731791090009093,3368,3635,4428,9743,9676,9899
Georgia,CRISP COUNTY,0.23583150059211638,0.26335899959474324,0.29299101110393044,4182,4549,4987,17733,17273,17021
Georgia,DADE COUNTY,0.34132376517291396,0.3862802080146834,0.46561252686521337,4471,5051,6066,13099,13076,13028
Georgia,DAWSON COUNTY,0.5040451230628988,0.5280281615019468,0.6424974823766365,8847,9900,13398,17552,18749,20853
Georgia,DECATUR COUNTY,0.2836824159766196,0.2996963210036342,0.33796759351870376,5824,6020,6758,20530,20087,19996
Georgia,DEKALB COUNTY,0.11874023821070898,0.09012050386796054,0.09978836449173288,64392,51468,58373,542293,571102,584968
Georgia,DODGE COUNTY,0.30995125430983234,0.300712702880757,0.35107853151475094,5214,5021,5843,16822,16697,16643
Georgia,DOOLY COUNTY,0.1733927323549965,0.17206102830937473,0.19297461565963533,1985,1951,2159,11448,11339,11188
Georgia,DOUGHERTY COUNTY,0.16195150932186608,0.14993918611978135,0.15563727314683856,11449,10232,10454,70694,68241,67169
Georgia,DOUGLAS COUNTY,0.27103151240975426,0.2379911198059016,0.23399560528469113,26241,24817,25451,96819,104277,108767
Georgia,EARLY COUNTY,0.32256843698751103,0.3309128630705394,0.3554917069348309,2557,2552,2722,7927,7712,7657
Georgia,ECHOLS COUNTY,0.32006980802792323,0.34904679376083186,0.4238947013162335,917,1007,1256,2865,2885,2963
Georgia,EFFINGHAM COUNTY,0.4038112992594894,0.4157130895897293,0.4934198018547075,15596,17874,23358,38622,42996,47339
Georgia,ELBERT COUNTY,0.3198815009874918,0.35481059336238685,0.41412797658640416,4859,5292,6226,15190,14915,15034
Georgia,EMANUEL COUNTY,0.29941877531849936,0.31850746268656716,0.3846289337717238,5100,5335,6551,17033,16750,17032
Georgia,EVANS COUNTY,0.2878903274942879,0.3091961414790997,0.36827339964294825,2268,2404,2888,7878,7775,7842
Georgia,FANNIN COUNTY,0.4070984455958549,0.46441658630665383,0.5543963553530752,7857,9632,12169,19300,20740,21950
Georgia,FAYETTE COUNTY,0.4724707459019445,0.4114387678437265,0.43078320090805905,38075,35048,37952,80587,85184,88100
Georgia,FLOYD COUNTY,0.311223372214008,0.3257504120173993,0.38371740648510483,22733,24114,29123,73044,74026,75897
Georgia,FORSYTH COUNTY,0.5024777762529924,0.44249822623150215,0.4766763358607636,65908,69851,85122,131166,157856,178574
Georgia,FRANKLIN COUNTY,0.35884493485150837,0.4048671296562016,0.4969587374650666,6114,7054,9069,17038,17423,18249
Georgia,FULTON COUNTY,0.1835724087151511,0.14883223125144526,0.16418153280759512,137124,117783,137240,746975,791381,835904
Georgia,GILMER COUNTY,0.4008082622361922,0.4379284400601906,0.5279109992923972,8926,10477,13429,22270,23924,25438
Georgia,GLASCOCK COUNTY,0.4928354320451585,0.5414291977202981,0.6026632302405498,1135,1235,1403,2303,2281,2328
Georgia,GLYNN COUNTY,0.33766464646464645,0.3303896423031439,0.38195780213225977,20893,21512,25616,61875,65111,67065
Georgia,GORDON COUNTY,0.3207593029190871,0.35582778974983603,0.43983317844919423,13197,15191,19405,41143,42692,44119
Georgia,GRADY COUNTY,0.3151063829787234,0.32550010755001074,0.3795801629701581,5924,6053,7034,18800,18596,18531
Georgia,GREENE COUNTY,0.39334470989761094,0.4019327915660004,0.47490425317476315,5071,5490,7068,12892,13659,14883
Georgia,GWINNETT COUNTY,0.26710121123310515,0.22400644943018858,0.24214614357096917,159855,146989,166413,598481,656182,687242
Georgia,HABERSHAM COUNTY,0.3659497668822379,0.38733738583972044,0.4722529734025945,12166,13190,16637,33245,34053,35229
Georgia,HALL COUNTY,0.3553754266211604,0.3566194464550374,0.4176701076556581,47481,51733,64170,133608,145065,153638
Georgia,HANCOCK COUNTY,0.10230145004656113,0.11624379481522339,0.16153310104529617,769,843,1159,7517,7252,7175
Georgia,HARALSON COUNTY,0.3965258215962441,0.43839187705817784,0.5447276582586031,8446,9585,12331,21300,21864,22637
Georgia,HARRIS COUNTY,0.44547443803461306,0.4542721217887726,0.5165398073662566,11197,11936,14319,25135,26275,27721
Georgia,HART COUNTY,0.32722434223739705,0.3631741601036786,0.45537217918491074,6517,7286,9464,19916,20062,20783
Georgia,HEARD COUNTY,0.3592950540079591,0.3775487340354022,0.4864282636794485,3160,3370,4516,8795,8926,9284
Georgia,HENRY COUNTY,0.3125037581426424,0.28120195323550756,0.27490658071141283,46774,45724,48187,149675,162602,175285
Georgia,HOUSTON COUNTY,0.32238023047089354,0.31524717941417235,0.3533515394366317,34662,35430,41534,107519,112388,117543
Georgia,IRWIN COUNTY,0.3427876823338736,0.37287204832509613,0.4202198980960043,2538,2716,3134,7404,7284,7458
Georgia,JACKSON COUNTY,0.42411011126379716,0.4491916859122402,0.5412392887942898,19135,21784,29497,45118,48496,54499
Georgia,JASPER COUNTY,0.4022954965470285,0.41674632001529344,0.5329549615525448,4136,4360,5822,10281,10462,10924
Georgia,JEFF DAVIS COUNTY,0.3629427792915531,0.37527432333577176,0.4200590498344815,3996,4104,4695,11010,10936,11177
Georgia,JEFFERSON COUNTY,0.24392029280195202,0.25525,0.2997711670480549,2999,3063,3537,12295,12000,11799
Georgia,JENKINS COUNTY,0.26937901498929334,0.27238752335776917,0.31053312257508264,1887,1895,2161,7005,6957,6959
Georgia,JOHNSON COUNTY,0.30603286090555626,0.3193053618963113,0.3641241855116903,2440,2519,2850,7973,7889,7827
Georgia,JONES COUNTY,0.361784629759402,0.38212018036256556,0.4488132234382741,7744,8305,9965,21405,21734,22203
Georgia,LAMAR COUNTY,0.3453161344893212,0.3545808567329371,0.41903879253276843,4899,5190,6330,14187,14637,15106
Georgia,LANIER COUNTY,0.2333931777378815,0.2541634640020497,0.31643334594526423,1820,1984,2509,7798,7806,7929
Georgia,LAURENS COUNTY,0.33397613258433245,0.3493497719979733,0.40354736314529155,11950,12411,14493,35781,35526,35914
Georgia,LEE COUNTY,0.4947237145049885,0.49729073243647237,0.5427628605008589,10314,10646,12007,20848,21408,22122
Georgia,LIBERTY COUNTY,0.12269329982141676,0.1391245180312996,0.1807466957351138,5565,6134,7959,45357,44090,44034
Georgia,LINCOLN COUNTY,0.4478302488832163,0.4369654735508394,0.4933271260086903,2807,2759,3179,6268,6314,6444
Georgia,LONG COUNTY,0.20505068468788903,0.19948343968398663,0.24777020858206333,2306,2626,3528,11246,13164,14239
Georgia,LOWNDES COUNTY,0.24527043345255484,0.2486953123203899,0.2883842579080888,21327,21635,25691,86953,86994,89086
Georgia,LUMPKIN COUNTY,0.35176145146855425,0.37438212742770405,0.4373134864991191,8647,9619,12163,24582,25693,27813
Georgia,MACON COUNTY,0.13676197220501018,0.14236849403716373,0.16898872144820395,1545,1540,1783,11297,10817,10551
Georgia,MADISON COUNTY,0.39352132370076903,0.41488929972494026,0.49140923290524124,8443,9201,11326,21455,22177,23048
Georgia,MARION COUNTY,0.26174293913306146,0.28983101991550997,0.34298205939996984,1733,1921,2275,6621,6628,6633
Georgia,MCDUFFIE COUNTY,0.3413554461001309,0.3403935330241885,0.385273544841369,5475,5432,6169,16039,15958,16012
Georgia,MCINTOSH COUNTY,0.3052471346704871,0.30024108834165664,0.33159937247130705,3409,3487,4016,11168,11614,12111
Georgia,MERIWETHER COUNTY,0.294142588890908,0.31752401799829744,0.3902380667543965,4856,5222,6524,16509,16446,16718
Georgia,MILLER COUNTY,0.4156665939341043,0.4187333923826395,0.4684807256235828,1905,1891,2066,4583,4516,4410
Georgia,MITCHELL COUNTY,0.23791800274851121,0.24812989272252828,0.2910474168435952,4155,4279,4935,17464,17245,16956
Georgia,MONROE COUNTY,0.406228743562336,0.41453111799493103,0.5030702751876279,8361,8832,11060,20582,21306,21985
Georgia,MONTGOMERY COUNTY,0.3868061609997094,0.3765867418899859,0.4031599019340779,2662,2670,2960,6882,7090,7342
Georgia,MORGAN COUNTY,0.4579169442593826,0.46896896896896895,0.5509439014593653,6186,6559,8230,13509,13986,14938
Georgia,MURRAY COUNTY,0.29043687650498795,0.35095876463600884,0.42727452792816584,8443,10341,12943,29070,29465,30292
Georgia,MUSCOGEE COUNTY,0.18438090642216592,0.18280881515816866,0.2039183485117876,27510,26976,30049,149202,147564,147358
Georgia,NEWTON COUNTY,0.28760194640531833,0.26783724593691166,0.2879877416085519,20982,20913,23869,72955,78081,82882
Georgia,OCONEE COUNTY,0.5372877184346542,0.4966519921571529,0.5593191776204921,13098,13425,16595,24378,27031,29670
Georgia,OGLETHORPE COUNTY,0.3781692020282893,0.40071044879570267,0.4622696090585999,4251,4625,5593,11241,11542,12099
Georgia,PAULDING COUNTY,0.3972612065863313,0.39374063298950895,0.4361651067914567,40846,44662,54525,102819,113430,125010
Georgia,PEACH COUNTY,0.24383157312180048,0.2566132549540154,0.29796984556161493,5287,5413,6502,21683,21094,21821
Georgia,PICKENS COUNTY,0.45990494047878605,0.47824480748707004,0.5384880250975591,10547,11651,14075,22933,24362,26138
Georgia,PIERCE COUNTY,0.4026001705029838,0.44026826882772113,0.5374931954273272,5667,6302,7899,14076,14314,14696
Georgia,PIKE COUNTY,0.5059948398846562,0.5328745057841558,0.6245808526654348,6668,7278,9127,13178,13658,14613
Georgia,POLK COUNTY,0.32444855980687193,0.3569252705943353,0.42732704402515725,9811,11014,13589,30239,30858,31800
Georgia,PULASKI COUNTY,0.26164222246012203,0.2657579062159215,0.307296231375986,2444,2437,2805,9341,9170,9128
Georgia,PUTNAM COUNTY,0.3752566115203478,0.3836098247259511,0.4661531541661981,6215,6544,8291,16562,17059,17786
Georgia,QUITMAN COUNTY,0.26479750778816197,0.30391120507399577,0.323167469234885,510,575,604,1926,1892,1869
Georgia,RABUN COUNTY,0.4397065566254012,0.4639509999262047,0.5227304518114422,5754,6287,7474,13086,13551,14298
Georgia,RANDOLPH COUNTY,0.22329585382993675,0.2245583038869258,0.2575448990927606,1271,1271,1391,5692,5660,5401
Georgia,RICHMOND COUNTY,0.16833404978701785,0.15778236470360577,0.17116287987728884,25845,24461,26781,153534,155030,156465
Georgia,ROCKDALE COUNTY,0.2492545835183658,0.20256094261925517,0.1888835663168285,15716,13478,13012,63052,66538,68889
Georgia,SCHLEY COUNTY,0.3562326869806094,0.38283485045513654,0.4496627529352985,1286,1472,1800,3610,3845,4003
Georgia,SCREVEN COUNTY,0.3046621558995273,0.3006185191922867,0.35574127906976744,3287,3305,3916,10789,10994,11008
Georgia,SEMINOLE COUNTY,0.3280724828291685,0.35364198461770474,0.40758663752731816,2245,2345,2611,6843,6631,6406
Georgia,SPALDING COUNTY,0.3112488780345252,0.31860389345931417,0.3536358473198723,14911,15646,18057,47907,49108,51061
Georgia,STEPHENS COUNTY,0.36235447611401045,0.3867364395692865,0.46613922475991443,7221,7686,9368,19928,19874,20097
Georgia,STEWART COUNTY,0.14242018734467596,0.15114532482162973,0.13567073170731708,745,805,801,5231,5326,5904
Georgia,SUMTER COUNTY,0.2265565759541663,0.22667124935555938,0.25094124857718236,5378,5276,5732,23738,23276,22842
Georgia,TALBOT COUNTY,0.22467289719626168,0.22894333843797857,0.2684149633629001,1202,1196,1392,5350,5224,5186
Georgia,TALIAFERRO COUNTY,0.23525127458120904,0.2626034612490594,0.28169014084507044,323,349,360,1373,1329,1278
Georgia,TATTNALL COUNTY,0.23493584943337825,0.2533684681549247,0.3007402991007105,4706,5096,6053,20031,20113,20127
Georgia,TAYLOR COUNTY,0.3034740613802773,0.31675874769797424,0.3765182186234818,1948,2064,2418,6419,6516,6422
Georgia,TELFAIR COUNTY,0.18615823449932442,0.18580312452601244,0.21211893677729388,2480,2450,2825,13322,13186,13318
Georgia,TERRELL COUNTY,0.2624123622835885,0.275709872002354,0.305115712545676,1834,1874,2004,6989,6797,6568
Georgia,THOMAS COUNTY,0.33231062524202437,0.3292378969592118,0.3817635270541082,11156,11228,12954,33571,34103,33932
Georgia,TIFT COUNTY,0.29830145172290606,0.3146628143673255,0.35241830065359475,9185,9584,10784,30791,30458,30600
Georgia,TOOMBS COUNTY,0.33275527899622565,0.33366960907944515,0.3980179997977551,6524,6615,7872,19606,19825,19778
Georgia,TOWNS COUNTY,0.5406364341944784,0.5437923022527528,0.6077106139933365,4876,5383,6384,9019,9899,10505
Georgia,TREUTLEN COUNTY,0.3202170963364993,0.3540810334703465,0.39425783449052354,1652,1809,2101,5159,5109,5329
Georgia,TROUP COUNTY,0.3007469636028611,0.3002115776833197,0.3425857739005646,15179,15750,18143,50471,52463,52959
Georgia,TURNER COUNTY,0.3159862885634154,0.3489340439706862,0.3896168518825676,2028,2095,2349,6418,6004,6029
Georgia,TWIGGS COUNTY,0.2754984108639122,0.3064297545550369,0.3613906678865508,1907,2035,2370,6922,6641,6558
Georgia,UNION COUNTY,0.4977871084884249,0.5198944591029023,0.6100689588657955,8773,9852,12651,17624,18950,20737
Georgia,UPSON COUNTY,0.35299287178986427,0.35804772660316214,0.4224992637675469,7230,7292,8608,20482,20366,20374
Georgia,WALKER COUNTY,0.3078891015558377,0.35544134748846457,0.4233003324443795,16247,18950,23174,52769,53314,54746
Georgia,WALTON COUNTY,0.4634340983815878,0.46385991058122206,0.5293179656465059,29036,31125,37842,62654,67100,71492
Georgia,WARE COUNTY,0.28925800458966233,0.31417921464422793,0.36453329391767053,7941,8513,9865,27453,27096,27062
Georgia,WARREN COUNTY,0.2293259207783183,0.23461174242424243,0.2778836987607245,990,991,1166,4317,4224,4196
Georgia,WASHINGTON COUNTY,0.25165273793189474,0.26262818078237754,0.2918570445014709,4035,4149,4663,16034,15798,15977
Georgia,WAYNE COUNTY,0.33017301642782243,0.3608639844199531,0.44063534083388484,7557,8153,9987,22888,22593,22665
Georgia,WEBSTER COUNTY,0.2836243511090137,0.30434782608695654,0.352165725047081,601,630,748,2119,2070,2124
Georgia,WHEELER COUNTY,0.2074096568478591,0.21352366641622839,0.24264255058246476,1366,1421,1583,6586,6655,6524
Georgia,WHITE COUNTY,0.40065765098184514,0.42628177133374096,0.49355893873924805,8651,9761,12222,21592,22898,24763
Georgia,WHITFIELD COUNTY,0.2598740004846135,0.2814852572145546,0.3300418410041841,19305,21537,25636,74286,76512,77675
Georgia,WILCOX COUNTY,0.2795479302832244,0.2931468531468531,0.3433838239496999,2053,2096,2403,7344,7150,6998
Georgia,WILKES COUNTY,0.3349860157640478,0.3346779440468445,0.3649644473173885,2635,2572,2823,7866,7685,7735
Georgia,WILKINSON COUNTY,0.3123348630232235,0.33626405304122226,0.38419382751658493,2246,2333,2664,7191,6938,6934
Georgia,WORTH COUNTY,0.35797499237572433,0.3858988834525154,0.43263444606321655,5869,6152,6830,16395,15942,15787
Michigan,ALCONA COUNTY,0.39151408836750357,0.4650210316581802,0.5332160140783107,3571,4201,4848,9121,9034,9092
Michigan,ALGER COUNTY,0.294154778437066,0.33402248352500324,0.3891040537051381,2330,2585,3014,7921,7739,7746
Michigan,ALLEGAN COUNTY,0.3746238474686439,0.39430852106908443,0.4599979996221509,31123,34183,41392,83078,86691,89983
Michigan,ALPENA COUNTY,0.3128965872063111,0.39214840379637617,0.46277770559958425,7298,9090,10686,23324,23180,23091
Michigan,ANTRIM COUNTY,0.42498255408234475,0.45040684997074937,0.5075497240445694,7917,8469,9748,18629,18803,19206
Michigan,ARENAC COUNTY,0.3236021376724894,0.39932236205227495,0.4861805954236037,4057,4950,5928,12537,12396,12193
Michigan,BARAGA COUNTY,0.26607728504206474,0.31010202615318294,0.3688151519600646,1866,2158,2512,7013,6959,6811
Michigan,BARRY COUNTY,0.36961828672880603,0.41368464140293426,0.4882874261462927,16655,19202,23471,45060,46417,48068
Michigan,BAY COUNTY,0.29681747232714145,0.34186961453983733,0.4011844782482318,24911,28328,33125,83927,82862,82568
Michigan,BENZIE COUNTY,0.3656603501693206,0.3882930248860848,0.45147390739347515,5075,5539,6601,13879,14265,14621
Michigan,BERRIEN COUNTY,0.3161609558720098,0.32148234413342763,0.3618592275391843,38209,38647,43519,120853,120215,120265
Michigan,BRANCH COUNTY,0.30165028406528993,0.3548503643042091,0.4195578890844545,10035,11786,14064,33267,33214,33521
Michigan,CALHOUN COUNTY,0.2752834643374173,0.3052661167598794,0.3489566272953236,28333,31494,36221,102923,103169,103798
Michigan,CASS COUNTY,0.31478304115379835,0.35084737412552963,0.4060645851570859,12659,14243,16699,40215,40596,41124
Michigan,CHARLEVOIX COUNTY,0.3869781841048711,0.41292963915071884,0.462040471383633,8000,8674,9841,20673,21006,21299
Michigan,CHEBOYGAN COUNTY,0.3495322619333173,0.4114970854461874,0.48110712261477423,7286,8683,10186,20845,21101,21172
Michigan,CHIPPEWA COUNTY,0.264000510269167,0.2969207733871493,0.34786998436685773,8278,9122,10681,31356,30722,30704
Michigan,CLARE COUNTY,0.284759576202119,0.34913793103448276,0.43781997016971014,6988,8505,10861,24540,24360,24807
Michigan,CLINTON COUNTY,0.3564954682779456,0.36099107366313504,0.4047738085638255,20650,21636,25098,57925,59935,62005
Michigan,CRAWFORD COUNTY,0.33235685752330224,0.3887847129207965,0.4425402348847325,3744,4354,5087,11265,11199,11495
Michigan,DELTA COUNTY,0.32561475409836066,0.3853964513446077,0.45833767135172654,9534,11121,13207,29280,28856,28815
Michigan,DICKINSON COUNTY,0.3693135418167844,0.4200940070505288,0.4766081871345029,7688,8580,9617,20817,20424,20178
Michigan,EATON COUNTY,0.3128971382160432,0.3215695866382473,0.3632189159860643,26197,27609,31798,83724,85857,87545
Michigan,EMMET COUNTY,0.39894941634241243,0.4031137269793051,0.4467803100033136,10253,10616,12135,25700,26335,27161
Michigan,GENESEE COUNTY,0.22625315474558808,0.2672188289672512,0.3130398934483415,71808,84175,98714,317379,315004,315340
Michigan,GLADWIN COUNTY,0.3238998298079261,0.3984110637045756,0.47741530740276034,6661,8124,9893,20565,20391,20722
Michigan,GOGEBIC COUNTY,0.2565745362437607,0.3113521890740023,0.3954268030602596,3444,4018,4600,13423,12905,11633
Michigan,GRAND TRAVERSE COUNTY,0.37784802916381866,0.3747556357571532,0.4091811547542391,26534,27413,30502,70224,73149,74544
Michigan,GRATIOT COUNTY,0.2477080765878145,0.3029931305201178,0.36827850643620097,8241,9880,12102,33269,32608,32861
Michigan,HILLSDALE COUNTY,0.3284138008289459,0.39523862935337334,0.4760135229526976,11727,14095,17037,35708,35662,35791
Michigan,HOUGHTON COUNTY,0.2806272683695131,0.29269556207908826,0.3649085794655415,8196,8475,10378,29206,28955,28440
Michigan,HURON COUNTY,0.33946262672988703,0.4208786017949929,0.508528060714999,8806,10692,12731,25941,25404,25035
Michigan,INGHAM COUNTY,0.20081645679028762,0.189205275733867,0.20281667354940885,45306,43868,47639,225609,231854,234887
Michigan,IONIA COUNTY,0.2943716712249892,0.3358163759689923,0.4094792554562214,14315,16635,20657,48629,49536,50447
Michigan,IOSCO COUNTY,0.32768924302788843,0.3972296268088347,0.4657344659730839,6909,8345,9759,21084,21008,20954
Michigan,IRON COUNTY,0.3345092342809712,0.3942710009655616,0.45776330076004346,3224,3675,4216,9638,9321,9210
Michigan,ISABELLA COUNTY,0.18494100724352278,0.20962672239495728,0.2565456812357138,10800,12338,14815,58397,58857,57748
Michigan,JACKSON COUNTY,0.29338592478237324,0.32164016844623705,0.3799212440552094,36298,39793,47372,123721,123719,124689
Michigan,KALAMAZOO COUNTY,0.26565842043666005,0.2498457862940733,0.27295653677657367,52662,51034,56823,198232,204262,208176
Michigan,KALKASKA COUNTY,0.36763933688395467,0.4507997346502543,0.5184410513839504,4901,6116,7436,13331,13567,14343
Michigan,KENT COUNTY,0.3406707450294953,0.30558563017498275,0.3315549420872592,155925,148180,165741,457700,484905,499890
Michigan,KEWEENAW COUNTY,0.43434343434343436,0.45449469570072587,0.47545504688361834,774,814,862,1782,1791,1813
Michigan,LAKE COUNTY,0.2617894736842105,0.3186403066370789,0.39854560145439855,2487,3159,3946,9500,9914,9901
Michigan,LAPEER COUNTY,0.34954859423555573,0.433553210837026,0.5081779381856721,23734,30037,35482,67899,69281,69822
Michigan,LEELANAU COUNTY,0.4265762170790104,0.4036692131824012,0.43334975639130674,7483,7239,7916,17542,17933,18267
Michigan,LENAWEE COUNTY,0.29059729048027666,0.3414463995039144,0.40441845854008796,22351,26430,31541,76914,77406,77991
Michigan,LIVINGSTON COUNTY,0.4338717946866357,0.4471160064535014,0.506523841796014,60083,65680,76982,138481,146897,151981
Michigan,LUCE COUNTY,0.2946112250606004,0.3332700702220535,0.40355912743972444,1580,1756,2109,5363,5269,5226
Michigan,MACKINAC COUNTY,0.3723147742218325,0.41669449081803006,0.47301901307836025,3397,3744,4304,9124,8985,9099
Michigan,MACOMB COUNTY,0.291117350723345,0.3294382108146471,0.38121071238176696,191913,224665,263863,659229,681964,692171
Michigan,MANISTEE COUNTY,0.28485600794438926,0.34344889242078075,0.40907526670271865,5737,6915,8321,20140,20134,20341
Michigan,MARQUETTE COUNTY,0.24547603153697656,0.2688424685194023,0.29716266763981386,13606,14646,16286,55427,54478,54805
Michigan,MASON COUNTY,0.3354130713748396,0.37168953762782975,0.43919965576592085,7580,8505,10207,22599,22882,23240
Michigan,MECOSTA COUNTY,0.2612681871245124,0.293581379447879,0.37460469844138244,9176,10305,13267,35121,35101,35416
Michigan,MENOMINEE COUNTY,0.2930271750579313,0.35588360237892946,0.43251452016838066,5564,6702,8117,18988,18832,18767
Michigan,MIDLAND COUNTY,0.36930274209486164,0.3648073922222562,0.42264813683567504,23919,23846,27675,64768,65366,65480
Michigan,MISSAUKEE COUNTY,0.4057933194154488,0.4670482136663198,0.5702521873391663,4665,5386,6648,11496,11532,11658
Michigan,MONROE COUNTY,0.30779408331099367,0.37112243497357766,0.443810149283892,35593,43261,52710,115639,116568,118767
Michigan,MONTCALM COUNTY,0.28168751938786063,0.34736604207758054,0.4375601732991014,13621,16907,21815,48355,48672,49856
Michigan,MONTMORENCY COUNTY,0.36622889305816136,0.44651519019657904,0.5247861097131353,2928,3498,4171,7995,7834,7948
Michigan,MUSKEGON COUNTY,0.239670960732578,0.27263191258150204,0.33725639646102346,30884,36127,45133,128860,132512,133824
Michigan,NEWAYGO COUNTY,0.3416246160596753,0.4101697664359862,0.495845385222193,12457,15173,18857,36464,36992,38030
Michigan,OAKLAND COUNTY,0.31386475766868244,0.29451936913220544,0.32672115176445116,296514,289203,325971,944719,981949,997704
Michigan,OCEANA COUNTY,0.313375860163745,0.35822966744312834,0.43257443082311736,6239,7228,8892,19909,20177,20556
Michigan,OGEMAW COUNTY,0.3160678990815021,0.40151737928600834,0.4826315789473684,5437,6827,8253,17202,17003,17100
Michigan,ONTONAGON COUNTY,0.34641948382406396,0.39784325052955904,0.47112887112887114,1906,2066,2358,5502,5193,5005
Michigan,OSCEOLA COUNTY,0.34661624428514987,0.4108883163436765,0.48947368421052634,6141,7336,8928,17717,17854,18240
Michigan,OSCODA COUNTY,0.334978229317852,0.4247721500074705,0.521516701775504,2308,2843,3466,6890,6693,6646
Michigan,OTSEGO COUNTY,0.3748596481847832,0.43132957628887497,0.500332565873625,7011,8266,9779,18703,19164,19545
Michigan,OTTAWA COUNTY,0.4360077542381263,0.4124874109440859,0.45343763901308015,88166,88467,100913,202212,214472,222551
Michigan,PRESQUE ISLE COUNTY,0.3492911066102007,0.42077629851865744,0.5021148604192124,3794,4488,5342,10862,10666,10639
Michigan,ROSCOMMON COUNTY,0.32849649492622185,0.40305970888206755,0.4723294094661261,6701,8141,9670,20399,20198,20473
Michigan,SAGINAW COUNTY,0.27818476625837585,0.3012209421725218,0.3392995537026644,42720,45469,50785,153567,150949,149676
Michigan,SANILAC COUNTY,0.33614398724474154,0.415128125964804,0.500401705704221,10963,13446,16194,32614,32390,32362
Michigan,SCHOOLCRAFT COUNTY,0.3171453953212911,0.38639455782312926,0.4610564010743062,2142,2556,3090,6754,6615,6702
Michigan,SHIAWASSEE COUNTY,0.29891385767790263,0.35797390122675404,0.4291461199065663,15962,19230,23149,53400,53719,53942
Michigan,ST. CLAIR COUNTY,0.31628075544638184,0.39158098096819516,0.4677583795019324,39271,49051,59185,124165,125264,126529
Michigan,ST. JOSEPH COUNTY,0.28543779004552755,0.32591749146010335,0.3919097139644996,12978,14884,18127,45467,45668,46253
Michigan,TUSCOLA COUNTY,0.3345314445462447,0.4057413997627521,0.4873112290221123,14240,17102,20297,42567,42150,41651
Michigan,VAN BUREN COUNTY,0.28440286147231914,0.3117756748749586,0.37100488006048526,16141,17890,21591,56754,57381,58196
Michigan,WASHTENAW COUNTY,0.20057029488938982,0.170659772548015,0.18757191407331317,56412,50631,56241,281258,296678,299837
Michigan,WAYNE COUNTY,0.15753646199810645,0.1708409586186676,0.1978633542974117,213814,228993,264553,1357235,1340387,1337049
Michigan,WEXFORD COUNTY,0.3403004309129717,0.39533504645186796,0.46749333642368757,8450,10000,12102,24831,25295,25887
North Carolina,ALAMANCE COUNTY,0.3237489397794741,0.31227121698485105,0.34852624011502514,38170,38815,46056,117900,124299,132145
North Carolina,ALEXANDER COUNTY,0.42447862537241043,0.4716206123973114,0.5288948069241012,12253,13893,15888,28866,29458,30040
North Carolina,ALLEGHANY COUNTY,0.38357094365241007,0.4241076392749917,0.48945831981835874,3390,3814,4527,8838,8993,9249
North Carolina,ANSON COUNTY,0.2006260534553335,0.22342324474414915,0.2713688290493676,4166,4506,5321,20765,20168,19608
North Carolina,ASHE COUNTY,0.3773809523809524,0.4327754276255288,0.5094087815294275,8242,9412,11451,21840,21748,22479
North Carolina,AVERY COUNTY,0.392886345053148,0.42724374194423714,0.47912352194535374,5766,6298,7172,14676,14741,14969
North Carolina,BEAUFORT COUNTY,0.3754734721289456,0.3875859495762486,0.4363535002256497,13977,14543,16437,37225,37522,37669
North Carolina,BERTIE COUNTY,0.20592169260700388,0.21737216177118057,0.24394452610724102,3387,3456,3817,16448,15899,15647
North Carolina,BLADEN COUNTY,0.28654905876696624,0.32238603370913615,0.3710549526402577,7748,8550,9676,27039,26521,26077
North Carolina,BRUNSWICK COUNTY,0.3782045001796153,0.4045186398628879,0.4585574120448294,34743,42720,55850,91863,105607,121795
North Carolina,BUNCOMBE COUNTY,0.28055535609876187,0.2697876214179878,0.2919490871328534,54701,55716,62412,194974,206518,213777
North Carolina,BURKE COUNTY,0.3136727334197329,0.36309037820184603,0.41997021391822364,22267,26238,31019,70988,72263,73860
North Carolina,CABARRUS COUNTY,0.3671704823294065,0.3607219935924074,0.3916525250523343,49557,53819,63237,134970,149198,161462
North Carolina,CALDWELL COUNTY,0.36124286580719406,0.4104441943292373,0.4878193250508794,23229,26621,32119,64303,64859,65842
North Carolina,CAMDEN COUNTY,0.4116790254237288,0.4444722988217598,0.5129059117402165,3109,3546,4312,7552,7978,8407
North Carolina,CARTERET COUNTY,0.4498084569436627,0.47078940373881456,0.5218902619184177,24775,26569,30028,55079,56435,57537
North Carolina,CASWELL COUNTY,0.3009306579159718,0.32655936704058963,0.38562802589348855,5594,6026,7089,18589,18453,18383
North Carolina,CATAWBA COUNTY,0.3750442090371693,0.3990454091280688,0.45404433888839857,44538,48324,56588,118754,121099,124631
North Carolina,CHATHAM COUNTY,0.32785756443045444,0.30911160907908053,0.35510635088248604,16665,17105,21186,50830,55336,59661
North Carolina,CHEROKEE COUNTY,0.4209236911351057,0.4732891061452514,0.5288771621225447,9278,10844,12628,22042,22912,23877
North Carolina,CHOWAN COUNTY,0.33735044217097276,0.35616681455190774,0.4004836975994267,3891,4014,4471,11534,11270,11164
North Carolina,CLAY COUNTY,0.4576661674922244,0.4988756465032606,0.5466210436270317,3973,4437,5112,8681,8894,9352
North Carolina,CLEVELAND COUNTY,0.34293729723980215,0.3770454906529683,0.4417808219178082,25793,28479,33798,75212,75532,76504
North Carolina,COLUMBUS COUNTY,0.2907828509796872,0.32357675652390777,0.3824324631358917,12941,14272,16832,44504,44107,44013
North Carolina,CRAVEN COUNTY,0.33206728160607707,0.34643829797866227,0.38603256745493675,26928,27731,31032,81092,80046,80387
North Carolina,CUMBERLAND COUNTY,0.20701208176540048,0.20429593320979536,0.23760463873661714,50666,51265,60032,244749,250935,252655
North Carolina,CURRITUCK COUNTY,0.40427138388523354,0.46121709367292496,0.5378085351787774,7496,9163,11657,18542,19867,21675
North Carolina,DARE COUNTY,0.372410785667563,0.3961696684758184,0.4632411592661526,10248,11460,13938,27518,28927,30088
North Carolina,DAVIDSON COUNTY,0.394391956106794,0.42637685254961066,0.492501047339757,49383,54317,64658,125213,127392,131285
North Carolina,DAVIE COUNTY,0.4595719381688466,0.47491781322293924,0.5376832541812926,14687,15602,18228,31958,32852,33901
North Carolina,DUPLIN COUNTY,0.2561709002782515,0.2729811860392367,0.3081546023235031,11416,12217,13793,44564,44754,44760
North Carolina,DURHAM COUNTY,0.15344314438259685,0.11719379761643937,0.12687771910143103,33769,28350,32459,220075,241907,255829
North Carolina,EDGECOMBE COUNTY,0.2018469968586882,0.20130123300355768,0.2307036888532478,8546,8261,9206,42339,41038,39904
North Carolina,FORSYTH COUNTY,0.29326686225634013,0.26728232189973616,0.2879475695749168,79768,75975,85060,271998,284250,295401
North Carolina,FRANKLIN COUNTY,0.31169690501600855,0.3260817595027492,0.3833908003814834,14603,16368,20904,46850,50196,54524
North Carolina,GASTON COUNTY,0.3531269264156403,0.3700501200605992,0.4190651610089743,56138,61798,73033,158974,166999,174276
North Carolina,GATES COUNTY,0.2768599503293381,0.31382397903472375,0.3647887323943662,2564,2874,3367,9261,9158,9230
North Carolina,GRAHAM COUNTY,0.40187052462370304,0.48759839596019605,0.5482488547362199,2750,3283,3710,6843,6733,6767
North Carolina,GRANVILLE COUNTY,0.27677376171352075,0.2925563974513518,0.3463939406550418,12405,13591,16647,44820,46456,48058
North Carolina,GREENE COUNTY,0.26812959698498573,0.26246624662466245,0.2886756692726842,4411,4374,4874,16451,16665,16884
North Carolina,GUILFORD COUNTY,0.2717810791463933,0.24110859500433968,0.2565369166029074,104789,98062,107294,385564,406713,418240
North Carolina,HALIFAX COUNTY,0.2096862960924601,0.22191915468730802,0.25589601685664237,8763,9031,10080,41791,40695,39391
North Carolina,HARNETT COUNTY,0.2882349625119793,0.28849328235023713,0.3483216160015843,25565,27614,35177,88695,95718,100990
North Carolina,HAYWOOD COUNTY,0.32883195557518774,0.3844232331437855,0.4480065923716842,15633,18929,22834,47541,49240,50968
North Carolina,HENDERSON COUNTY,0.38370024072846526,0.39129104518384966,0.41939843479900685,32994,35809,40032,85989,91515,95451
North Carolina,HERTFORD COUNTY,0.15305135644118695,0.15878464928011476,0.1802684076895176,3007,3099,3479,19647,19517,19299
North Carolina,HOKE COUNTY,0.19155032444731593,0.20300319154502172,0.2346705724641279,6819,7760,9453,35599,38226,40282
North Carolina,HYDE COUNTY,0.2568353067814855,0.2863494886616274,0.34602244997559783,1193,1288,1418,4645,4498,4098
North Carolina,IREDELL COUNTY,0.40157210931454407,0.41466166837063123,0.47652233276206596,49299,54754,67010,122765,132045,140623
North Carolina,JACKSON COUNTY,0.24623370424510008,0.2791210655807245,0.30925083739549575,8254,9870,11356,33521,35361,36721
North Carolina,JOHNSTON COUNTY,0.3812099027826977,0.3851362837876126,0.43652329405754065,48427,54372,68353,127035,141176,156585
North Carolina,JONES COUNTY,0.3524223602484472,0.38463528194516294,0.4257528556593977,2837,2974,3280,8050,7732,7704
North Carolina,LEE COUNTY,0.29994529041670465,0.30481271534956095,0.34939324507807196,13158,13712,16469,43868,44985,47136
North Carolina,LENOIR COUNTY,0.3088069625146341,0.3073397602329939,0.3359970522534141,13980,13613,14590,45271,44293,43423
North Carolina,LINCOLN COUNTY,0.4152341824157765,0.45229870619268936,0.534575837366323,25267,28806,36341,60850,63688,67981
North Carolina,MACON COUNTY,0.39621882542236525,0.43683584885270704,0.4856801093643199,10835,12127,14211,27346,27761,29260
North Carolina,MADISON COUNTY,0.3200852928981816,0.3894694533762058,0.444785105078321,5404,6783,7979,16883,17416,17939
North Carolina,MARTIN COUNTY,0.319171591332588,0.3215726905878504,0.3645699614890886,5995,5897,6532,18783,18338,17917
North Carolina,MCDOWELL COUNTY,0.33266470787659624,0.4091445262034489,0.4610699948111533,11775,14568,16883,35396,35606,36617
North Carolina,MECKLENBURG COUNTY,0.23654233822352114,0.1939930245438261,0.21032204760356726,171668,155518,179211,725739,801668,852079
North Carolina,MITCHELL COUNTY,0.46675777795642737,0.5136129506990434,0.579769400605119,5806,6282,7090,12439,12231,12229
North Carolina,MONTGOMERY COUNTY,0.3055197748199036,0.33912009512485136,0.3955139659550456,6404,7130,8411,20961,21025,21266
North Carolina,MOORE COUNTY,0.41555715231694773,0.40578668583140354,0.46344292053247277,29495,30490,36764,70977,75138,79328
North Carolina,NASH COUNTY,0.3256614443184767,0.3198765432098765,0.35012539822409,23842,23319,25827,73211,72900,73765
North Carolina,NEW HANOVER COUNTY,0.3180556217530146,0.3033961022942192,0.3301826788730632,53385,55344,63333,167848,182415,191812
North Carolina,NORTHAMPTON COUNTY,0.2035413744740533,0.2174467310143872,0.24727250185965782,3483,3582,3989,17112,16473,16132
North Carolina,ONSLOW COUNTY,0.22439903678855283,0.2552919331545286,0.30853806338428985,32243,37122,46078,143686,145410,149343
North Carolina,ORANGE COUNTY,0.19660085617532427,0.16221862843655754,0.16823848238482386,21539,18557,20176,109557,114395,119925
North Carolina,PAMLICO COUNTY,0.3759628770301624,0.3965356677221084,0.4487737158722814,4051,4258,4849,10775,10738,10805
North Carolina,PASQUOTANK COUNTY,0.2433914734861771,0.26707587828131124,0.3144714819106476,7633,8180,9770,31361,30628,31068
North Carolina,PENDER COUNTY,0.35011617044719634,0.3862949498488897,0.4475518773696441,14617,17639,21956,41749,45662,49058
North Carolina,PERQUIMANS COUNTY,0.35061003577653427,0.38526102195166945,0.4474764990417085,3822,4177,4903,10901,10842,10957
North Carolina,PERSON COUNTY,0.34461700101782844,0.3622672064777328,0.42039475782022256,10496,11185,13184,30457,30875,31361
North Carolina,PITT COUNTY,0.269111013680714,0.25732516222062,0.2736231802675726,36214,35691,38982,134569,138700,142466
North Carolina,POLK COUNTY,0.37564002168544064,0.39823477493380405,0.43992447648472366,6236,6768,7689,16601,16995,17478
North Carolina,RANDOLPH COUNTY,0.41771496226135857,0.44962932642015735,0.5093373440045836,45160,49430,56894,108112,109935,111702
North Carolina,RICHMOND COUNTY,0.26496308915388983,0.29968827570282286,0.34273959902653844,9332,10383,11830,35220,34646,34516
North Carolina,ROBESON COUNTY,0.17544035428731738,0.208925786163522,0.28250952501905,17510,20762,27806,99806,99375,98425
North Carolina,ROCKINGHAM COUNTY,0.3459544706527702,0.37049823243482105,0.43057981979503407,25227,26830,31301,72920,72416,72695
North Carolina,ROWAN COUNTY,0.3666527980029124,0.3966129017315336,0.44520405675116725,38775,42810,49297,105754,107939,110729
North Carolina,RUTHERFORD COUNTY,0.3601231190150479,0.41750501097642456,0.46593163865074316,18954,21871,24891,52632,52385,53422
North Carolina,SAMPSON COUNTY,0.30210100756195146,0.31134332116328844,0.3621180923857657,14422,14838,17411,47739,47658,48081
North Carolina,SCOTLAND COUNTY,0.21266275210620372,0.22994927589502315,0.2789161348113313,5831,6256,7473,27419,27206,26793
North Carolina,STANLY COUNTY,0.42259920592793904,0.46237079763383365,0.5165780609553183,19904,21964,25458,47099,47503,49282
North Carolina,STOKES COUNTY,0.4133076547496338,0.4623821487424697,0.5423071745860816,15237,17116,20144,36866,37017,37145
North Carolina,SURRY COUNTY,0.3522703161468279,0.4195200623848008,0.48473006988083295,19923,23671,27538,56556,56424,56811
North Carolina,SWAIN COUNTY,0.27512249237311637,0.32459255212601296,0.37361946664272244,2976,3565,4161,10817,10983,11137
North Carolina,TRANSYLVANIA COUNTY,0.35358021066539436,0.37549971444888636,0.3998762844083989,9634,10520,11636,27247,28016,29099
North Carolina,TYRRELL COUNTY,0.2767033620946147,0.29990772070132266,0.3175182481751825,930,975,1044,3361,3251,3288
North Carolina,UNION COUNTY,0.41592589063287005,0.4078217755198112,0.45512297866557955,61107,66707,80382,146918,163569,176616
North Carolina,VANCE COUNTY,0.2185321370789822,0.21615566037735848,0.2461281239000352,7429,7332,8391,33995,33920,34092
North Carolina,WAKE COUNTY,0.2981766631484162,0.2476433204680017,0.26641030321946163,211596,196082,226197,709633,791792,849055
North Carolina,WARREN COUNTY,0.18720562809276814,0.19811378906490784,0.23160493827160494,3140,3214,3752,16773,16223,16200
North Carolina,WASHINGTON COUNTY,0.26463463867581755,0.2660302967420627,0.29987060599525556,2622,2564,2781,9908,9638,9274
North Carolina,WATAUGA COUNTY,0.30782384685424946,0.29065868771751124,0.2947860144424952,13861,13697,14451,45029,47124,49022
North Carolina,WAYNE COUNTY,0.29353482148546184,0.2910989673068589,0.3265837861981687,27641,27540,30709,94166,94607,94031
North Carolina,WILKES COUNTY,0.3809868702063253,0.438099454035709,0.5050889653657465,20515,23752,27592,53847,54216,54628
North Carolina,WILSON COUNTY,0.29035805543875537,0.2810355883295928,0.3097083386055928,17954,17531,19581,61834,62380,63224
North Carolina,YADKIN COUNTY,0.4252916314454776,0.4691566672300152,0.5337509631168135,12578,13880,15933,29575,29585,29851
North Carolina,YANCEY COUNTY,0.3718734587472698,0.44662842753217685,0.5084562305506697,5278,6385,7516,14193,14296,14782
Ohio,ADAMS COUNTY,0.3221492257156265,0.41119764460062685,0.4575813556913457,6865,8659,9660,21310,21058,21111
Ohio,ALLEN COUNTY,0.36652089648660735,0.383885062392183,0.4064469496189401,29502,30487,32052,80492,79417,78859
Ohio,ASHLAND COUNTY,0.3795397295116046,0.4239699466795928,0.45700954808917965,15519,17493,19002,40889,41260,41579
Ohio,ASHTABULA COUNTY,0.23706371621796699,0.30583390168406693,0.3455522907250998,18298,23318,26225,77186,76244,75893
Ohio,ATHENS COUNTY,0.15632777045820523,0.2007816230172063,0.1857495439424831,8543,11354,10386,54648,56549,55914
Ohio,AUGLAIZE COUNTY,0.4981286447906693,0.5385947693551181,0.5892301486688948,17169,18658,20451,34467,34642,34708
Ohio,BELMONT COUNTY,0.2978829301242512,0.38048200155019196,0.4245274353840219,16758,21108,23110,56257,55477,54437
Ohio,BROWN COUNTY,0.3538950432122598,0.4345997852797328,0.47866718418774074,11916,14573,16032,33671,33532,33493
Ohio,BUTLER COUNTY,0.3763018830121038,0.37114289084563234,0.3800158507175341,105176,106976,111722,279499,288234,293993
Ohio,CARROLL COUNTY,0.33026321730100683,0.42494374799099965,0.49429389940355983,7315,9254,10525,22149,21777,21293
Ohio,CHAMPAIGN COUNTY,0.36659032825516946,0.4220039424008553,0.46611515552614163,11045,12631,14086,30129,29931,30220
Ohio,CLARK COUNTY,0.30177082641727765,0.33858775101946603,0.36682568173310426,31816,35205,38217,105431,103976,104183
Ohio,CLERMONT COUNTY,0.42853043054600787,0.4348929482389921,0.45804526736074114,64208,67518,73077,149833,155252,159541
Ohio,CLINTON COUNTY,0.3787372271981834,0.4320324695597877,0.4646449065218733,12009,13838,15061,31708,32030,32414
Ohio,COLUMBIANA COUNTY,0.3007396114955397,0.3850951309950763,0.4320773517363546,25251,31676,35124,83963,82255,81291
Ohio,COSHOCTON COUNTY,0.29813090754033117,0.3858124060957287,0.43000179436569175,8390,10785,11982,28142,27954,27865
Ohio,CRAWFORD COUNTY,0.35756954081940506,0.4144514478852654,0.46257687576875767,11852,13611,15043,33146,32841,32520
Ohio,CUYAHOGA COUNTY,0.19298632754967865,0.18618248634793833,0.19887660494110332,190651,184211,195089,987899,989411,980955
Ohio,DARKE COUNTY,0.4572496338568759,0.5094315607260138,0.5525695547471435,18108,20012,21569,39602,39283,39034
Ohio,DEFIANCE COUNTY,0.346016525553402,0.39864934001841806,0.4339321492851564,10176,11688,12778,29409,29319,29447
Ohio,DELAWARE COUNTY,0.4630200841519042,0.4006542088596583,0.4203495010353436,60194,57568,65163,130003,143685,155021
Ohio,ERIE COUNTY,0.2823545088110863,0.3299744726588741,0.3664518740933167,16952,19648,21724,60038,59544,59282
Ohio,FAIRFIELD COUNTY,0.3728601024970014,0.38245244588669863,0.4145424223473004,41034,44314,49714,110052,115868,119925
Ohio,FAYETTE COUNTY,0.30369758693458115,0.3656863193523304,0.4217556378939664,6620,7995,9220,21798,21863,21861
Ohio,FRANKLIN COUNTY,0.23620367231329492,0.20441269971491274,0.20087427782100936,215987,199331,203154,914410,975140,1011349
Ohio,FULTON COUNTY,0.36896866061044226,0.4264339927833769,0.47687780703112903,11738,13709,15396,31813,32148,32285
Ohio,GALLIA COUNTY,0.3277925813137081,0.4224152761052813,0.44564275814275817,7750,9822,10289,23643,23252,23088
Ohio,GEAUGA COUNTY,0.43493530499075783,0.42094781845781054,0.4629180336908274,30589,30227,33581,70330,71807,72542
Ohio,GREENE COUNTY,0.38436730883476194,0.3699469544539967,0.3796084451830709,49819,48540,50937,129613,131208,134183
Ohio,GUERNSEY COUNTY,0.29344775827187886,0.37564001575423395,0.43144176839326953,8993,11445,13077,30646,30468,30310
Ohio,HAMILTON COUNTY,0.3142199113541171,0.2787815257575733,0.27444837486714996,193326,173665,173015,615257,622943,630410
Ohio,HANCOCK COUNTY,0.38642194252655865,0.41172364478343776,0.4368205371355031,22443,24183,25796,58079,58736,59054
Ohio,HARDIN COUNTY,0.3081766182461627,0.3618814347392893,0.4025903939557474,7489,8717,9698,24301,24088,24089
Ohio,HARRISON COUNTY,0.3269340274953225,0.42377389858686615,0.47502514247401945,4019,5098,5668,12293,12030,11932
Ohio,HENRY COUNTY,0.39352778572109426,0.44587727708533076,0.4948935350226419,8257,9301,10273,20982,20860,20758
Ohio,HIGHLAND COUNTY,0.35247598158845883,0.4300481580319622,0.46609449869594227,11410,14020,15369,32371,32601,32974
Ohio,HOCKING COUNTY,0.27966893605660126,0.3851942517793191,0.43185824707318177,6285,8497,9554,22473,22059,22123
Ohio,HOLMES COUNTY,0.3047452285063912,0.29296153200067193,0.34925686538272255,8702,8720,10645,28555,29765,30479
Ohio,HURON COUNTY,0.2959370963721647,0.36712899065547433,0.41854636591478694,13060,16226,18537,44131,44197,44289
Ohio,JACKSON COUNTY,0.3173787343398651,0.4021097728558726,0.437958571486481,7904,9949,10804,24904,24742,24669
Ohio,JEFFERSON COUNTY,0.30981611829541117,0.3923124082709421,0.42245493107104987,17034,21117,22309,54981,53827,52808
Ohio,KNOX COUNTY,0.37145561722817433,0.4073892674616695,0.45264118464442,17266,19131,21825,46482,46960,48217
Ohio,LAKE COUNTY,0.32596078083210334,0.3520976261973128,0.38770538396989956,58744,64255,71615,180218,182492,184715
Ohio,LAWRENCE COUNTY,0.3060069342913238,0.39545069826491747,0.4238855279529755,14651,18689,19759,47878,47260,46614
Ohio,LICKING COUNTY,0.35770267826961927,0.38898504516814697,0.42551239135541463,45503,51241,57965,127209,131730,136224
Ohio,LOGAN COUNTY,0.39783471460254466,0.46355634314266625,0.5015794416460343,13633,15957,17625,34268,34423,35139
Ohio,LORAIN COUNTY,0.25669666970586075,0.2809119611874162,0.3165902553965889,59405,66818,76719,231421,237861,242329
Ohio,LUCAS COUNTY,0.209066940878954,0.22751399082706678,0.24126699410073293,69940,75698,79628,334534,332718,330041
Ohio,MADISON COUNTY,0.30701181499732827,0.3392049928548514,0.3769379573298943,10342,11631,13445,33686,34289,35669
Ohio,MAHONING COUNTY,0.228658912608656,0.2921550357183725,0.31985524886606154,42641,53616,58601,186483,183519,183211
Ohio,MARION COUNTY,0.273296804352824,0.3281101890004449,0.3604911365803351,14265,16961,18526,52196,51693,51391
Ohio,MEDINA COUNTY,0.3837628826744204,0.4020008361265338,0.45267498519644145,50418,54810,63451,131378,136343,140169
Ohio,MEIGS COUNTY,0.3222367989504756,0.40301058667842965,0.451393497013935,5895,7309,8163,18294,18136,18084
Ohio,MERCER COUNTY,0.5487590708771,0.5786533566918983,0.6272935779816514,16561,17506,19145,30179,30253,30520
Ohio,MIAMI COUNTY,0.44005035541257104,0.461170120146265,0.49167222660277793,34606,37079,40531,78641,80402,82435
Ohio,MONROE COUNTY,0.30986899563318776,0.4372193281839411,0.4932760040252493,3548,4868,5392,11450,11134,10931
Ohio,MONTGOMERY COUNTY,0.30201227005738285,0.299860607615277,0.3038339197069738,124841,123909,126085,413364,413222,414980
Ohio,MORGAN COUNTY,0.27535729753139887,0.3826424870466321,0.42808783959725716,3179,4431,4932,11545,11580,11521
Ohio,MORROW COUNTY,0.3773332313341493,0.44973086912334853,0.5035435084386645,9865,11948,13784,26144,26567,27374
Ohio,MUSKINGUM COUNTY,0.2937660119555935,0.3632849074269836,0.40933255462210044,19264,24056,27334,65576,66218,66777
Ohio,NOBLE COUNTY,0.2993614518568308,0.38642541624193,0.4282304807364473,3563,4549,5024,11902,11772,11732
Ohio,OTTAWA COUNTY,0.319614206423827,0.3851633131411525,0.4303488582273905,10538,12653,14285,32971,32851,33194
Ohio,PAULDING COUNTY,0.36771978021978025,0.4522368329506714,0.484608926822443,5354,6500,6927,14560,14373,14294
Ohio,PERRY COUNTY,0.2825024075857471,0.37347549842985467,0.432497920509204,7627,10228,11959,26998,27386,27651
Ohio,PICKAWAY COUNTY,0.323582295988935,0.3797113695492651,0.4357242158310887,14037,17076,20059,43380,44971,46036
Ohio,PIKE COUNTY,0.2647757440268269,0.36901092743065284,0.41679977449967115,5685,7902,8872,21471,21414,21286
Ohio,PORTAGE COUNTY,0.2730350571373233,0.3038579953628036,0.3401179695937526,35242,39971,45034,129075,131545,132407
Ohio,PREBLE COUNTY,0.4238031123774932,0.4870864999526978,0.5250794050127362,13535,15446,16697,31937,31711,31799
Ohio,PUTNAM COUNTY,0.5403883265724075,0.5914607629966396,0.6421190165102744,13721,14961,16218,25391,25295,25257
Ohio,RICHLAND COUNTY,0.3542906759004509,0.3855556258034604,0.42645372386874136,33867,36590,40534,95591,94902,95049
Ohio,ROSS COUNTY,0.24923608343297463,0.3088641971219924,0.35883053707932094,15008,18652,21687,60216,60389,60438
Ohio,SANDUSKY COUNTY,0.298599804623901,0.357501259887377,0.40556786521290833,13755,16316,18487,46065,45639,45583
Ohio,SCIOTO COUNTY,0.2526707223590429,0.3444172560587269,0.3713942104104206,15492,20550,21926,61313,59666,59037
Ohio,SENECA COUNTY,0.30635945126888287,0.34378405955058783,0.38744994560562923,13243,14825,16739,43227,43123,43203
Ohio,SHELBY COUNTY,0.47557220141489803,0.5112058297813832,0.5457176399923553,17142,18590,19988,36045,36365,36627
Ohio,STARK COUNTY,0.3041647924127914,0.3366754039571029,0.3723575674878806,88581,98388,108610,291227,292234,291682
Ohio,SUMMIT COUNTY,0.26345895499361527,0.26305272278564534,0.2845552912644,111000,112026,122023,421318,425869,428820
Ohio,TRUMBULL COUNTY,0.2354964133229978,0.30672013914523283,0.3407108812493662,38279,49024,53756,162546,159833,157776
Ohio,TUSCARAWAS COUNTY,0.313333802916109,0.3775050837949653,0.4157839878303003,22242,26918,29519,70985,71305,70996
Ohio,UNION COUNTY,0.42030705715391564,0.4343734997599616,0.47680319770053,16289,18096,21233,38755,41660,44532
Ohio,VAN WERT COUNTY,0.44256164004063164,0.4845413311117282,0.5282063090029934,9585,10469,11470,21658,21606,21715
Ohio,VINTON COUNTY,0.2819348469891412,0.384989093793377,0.44167886774036114,2856,3883,4525,10130,10086,10245
Ohio,WARREN COUNTY,0.4804339913904542,0.45852255614676407,0.478256958616541,76561,77643,85069,159358,169333,177873
Ohio,WASHINGTON COUNTY,0.3535500235236361,0.4225421738861769,0.4533410976852526,17284,20514,21798,48887,48549,48083
Ohio,WAYNE COUNTY,0.35006248842806886,0.36646717467095175,0.4110224552604582,30251,32270,36059,86416,88057,87730
Ohio,WILLIAMS COUNTY,0.34964329215242734,0.4200619238617972,0.46565208201225955,10047,11939,13218,28735,28422,28386
Ohio,WOOD COUNTY,0.292514796104267,0.31509240047315246,0.333921600598498,29704,32498,34815,101547,103138,104261
Ohio,WYANDOT COUNTY,0.3603288437991954,0.4395009416195857,0.4890021936325369,6180,7468,8248,17151,16992,16867
Pennsylvania,ADAMS COUNTY,0.3361294940539726,0.38806283498406896,0.45420762116883745,26767,31423,37523,79633,80974,82612
Pennsylvania,ALLEGHENY COUNTY,0.2638322679250868,0.2607909963385941,0.28532793247307653,262039,259480,282324,993203,994973,989472
Pennsylvania,ARMSTRONG COUNTY,0.36913096067148043,0.4387564457065989,0.5246987836779897,20142,23484,27479,54566,53524,52371
Pennsylvania,BEAVER COUNTY,0.31110817224683524,0.3587778299181396,0.4087146331515582,42344,48167,54113,136107,134253,132398
Pennsylvania,BEDFORD COUNTY,0.4264957483210337,0.5030229746070133,0.5946539256198347,16702,19552,23025,39161,38869,38720
Pennsylvania,BERKS COUNTY,0.2668040029105204,0.30036245174045223,0.3347948398750244,84702,96626,109727,317469,321698,327744
Pennsylvania,BLAIR COUNTY,0.33228949546728365,0.3983327735198021,0.46606795667067863,33319,39135,45306,100271,98247,97209
Pennsylvania,BRADFORD COUNTY,0.2947794779477948,0.3813297458642507,0.4577822990844354,14410,18141,21600,48884,47573,47184
Pennsylvania,BUCKS COUNTY,0.3212812757767391,0.33171874716186023,0.37366829801406387,156579,164361,187367,487358,495483,501426
Pennsylvania,BUTLER COUNTY,0.4119374383930849,0.43500688686634076,0.49240304938680807,59761,64428,74279,145073,148108,150850
Pennsylvania,CAMBRIA COUNTY,0.3079826927793154,0.38999224777584995,0.456656346749226,35163,42258,48085,114172,108356,105298
Pennsylvania,CAMERON COUNTY,0.3339886950110592,0.40733145347346833,0.4837476099426386,1359,1589,1771,4069,3901,3661
Pennsylvania,CARBON COUNTY,0.2614368962112559,0.3666901436005791,0.42377161362453497,13504,18743,21984,51653,51114,51877
Pennsylvania,CENTRE COUNTY,0.25892897939290554,0.25666884959615804,0.2629440596850917,34001,35274,36372,131314,137430,138326
Pennsylvania,CHESTER COUNTY,0.3248808111090292,0.2925132194491539,0.31586589488580524,124840,116114,128565,384264,396953,407024
Pennsylvania,CLARION COUNTY,0.3397232767546199,0.40250928178210216,0.4665407879156399,10828,12576,14578,31873,31244,31247
Pennsylvania,CLEARFIELD COUNTY,0.31014877141637703,0.3817193600244967,0.4466016425522735,20347,24932,28984,65604,65315,64899
Pennsylvania,CLINTON COUNTY,0.23170886477568373,0.3233633401090569,0.38464273018130113,7303,10022,11902,31518,30993,30943
Pennsylvania,COLUMBIA COUNTY,0.2597478424288868,0.3314127933732168,0.36870694965559725,14236,18004,19752,54807,54325,53571
Pennsylvania,CRAWFORD COUNTY,0.30438645035388695,0.3669755760842427,0.424145664087446,20901,24987,28559,68666,68089,67333
Pennsylvania,CUMBERLAND COUNTY,0.3405551118210863,0.3504208032548206,0.38204281975032534,64809,69076,77212,190304,197123,202103
Pennsylvania,DAUPHIN COUNTY,0.27513050141276757,0.2863224944488352,0.3078577819812051,57450,60863,66404,208810,212568,215697
Pennsylvania,DELAWARE COUNTY,0.2560978990606532,0.2523429056133966,0.26802883528251886,110853,110667,118532,432854,438558,442236
Pennsylvania,ELK COUNTY,0.30126803672933977,0.40921707894522,0.5022132130889836,7579,10025,12140,25157,24498,24173
Pennsylvania,ERIE COUNTY,0.22399141042628043,0.277726919662672,0.3143640227161608,49025,60069,66869,218870,216288,212712
Pennsylvania,FAYETTE COUNTY,0.23995868187813,0.32424375931532917,0.38784000918168254,26018,34590,40551,108427,106679,104556
Pennsylvania,FOREST COUNTY,0.2060181736928348,0.25761518444818615,0.2909709338280767,1383,1683,1882,6713,6533,6468
Pennsylvania,FRANKLIN COUNTY,0.37308541465433975,0.4189190326680752,0.4738785274956333,43260,49768,57245,115952,118801,120801
Pennsylvania,FULTON COUNTY,0.41744710371141175,0.4909890488919548,0.5854997854997855,4814,5694,6824,11532,11597,11655
Pennsylvania,GREENE COUNTY,0.2750473206709745,0.36261238677763297,0.4304585900068446,8428,10849,12578,30642,29919,29220
Pennsylvania,HUNTINGDON COUNTY,0.32318899231080533,0.39234475664555246,0.4584072223117846,11979,14494,17061,37065,36942,37218
Pennsylvania,INDIANA COUNTY,0.2955480785273344,0.3574475419018484,0.4070633586458756,21257,24888,28089,71924,69627,69004
Pennsylvania,JEFFERSON COUNTY,0.37035565269223125,0.4384289053706964,0.5250080388201935,13048,15192,17960,35231,34651,34209
Pennsylvania,JUNIATA COUNTY,0.3629919593736775,0.43638569469353305,0.5020030175329068,6862,8273,9649,18904,18958,19221
Pennsylvania,LACKAWANNA COUNTY,0.2052102403331559,0.28778929712175016,0.31391226628436375,35085,48384,52332,170971,168123,166709
Pennsylvania,LANCASTER COUNTY,0.32798526100718123,0.33626324862180196,0.3834136254962917,130669,137914,160209,398399,410137,417849
Pennsylvania,LAWRENCE COUNTY,0.29497421235564525,0.36401637701491685,0.43197839889075385,21047,25428,29597,71352,69854,68515
Pennsylvania,LEBANON COUNTY,0.3439276708756388,0.3799919360132024,0.4262260691907077,35872,40525,46731,104301,106647,109639
Pennsylvania,LEHIGH COUNTY,0.24514378929232575,0.26327071617923414,0.29496981047688264,66874,73690,84418,272795,279902,286192
Pennsylvania,LUZERNE COUNTY,0.22654004505554262,0.30873294255200606,0.34124463670944216,58325,78688,86929,257460,254874,254741
Pennsylvania,LYCOMING COUNTY,0.329595665308492,0.39047566856641824,0.45984073819399773,30658,35627,41462,93017,91240,90166
Pennsylvania,MCKEAN COUNTY,0.27908540685944855,0.3490849084908491,0.43194030767341174,9545,11635,14067,34201,33330,32567
Pennsylvania,MERCER COUNTY,0.28312601701486345,0.3491852639036486,0.408741871642635,25925,31544,36143,91567,90336,88425
Pennsylvania,MIFFLIN COUNTY,0.33128919473888674,0.3926014652218725,0.46431953651607155,11939,14094,16670,36038,35899,35902
Pennsylvania,MONROE COUNTY,0.20478676778840657,0.25099613574510954,0.27698062032459864,26867,33386,37989,131195,133014,137154
Pennsylvania,MONTGOMERY COUNTY,0.27791793833820755,0.25388516965877905,0.28425820196647944,174381,162731,185460,627455,640963,652435
Pennsylvania,MONTOUR COUNTY,0.3189359659947895,0.36333653978287755,0.40353542328407677,4652,5288,5844,14586,14554,14482
Pennsylvania,NORTHAMPTON COUNTY,0.2605708760755344,0.29833688912178263,0.3419267964255111,61446,71736,83796,235813,240453,245070
Pennsylvania,NORTHUMBERLAND COUNTY,0.25907932462567695,0.343557038818554,0.39616316142362584,19518,25427,28952,75336,74011,73081
Pennsylvania,PERRY COUNTY,0.3692446245637735,0.4340792216817234,0.502416918429003,13120,15616,18293,35532,35975,36410
Pennsylvania,PHILADELPHIA COUNTY,0.07995507722655748,0.08850042928583926,0.10699015210686937,96467,108748,132870,1206515,1228785,1241890
Pennsylvania,PIKE COUNTY,0.28731938608121166,0.357969366597552,0.41677693659298465,12786,16056,19213,44501,44853,46099
Pennsylvania,POTTER COUNTY,0.380685539625937,0.46771417882528993,0.5491162861260714,5231,6251,7239,13741,13365,13183
Pennsylvania,SCHUYLKILL COUNTY,0.27349138296249853,0.38213224949194935,0.43032379073801746,32278,44001,48868,118022,115146,113561
Pennsylvania,SNYDER COUNTY,0.32316329804299004,0.36758942847289716,0.4366685403784898,10073,11725,13983,31170,31897,32022
Pennsylvania,SOMERSET COUNTY,0.3835844288775869,0.4468727557615721,0.5148811494405086,23984,27379,31105,62526,61268,60412
Pennsylvania,SULLIVAN COUNTY,0.34100036509675064,0.4254410399257196,0.4824981577008106,1868,2291,2619,5478,5385,5428
Pennsylvania,SUSQUEHANNA COUNTY,0.31508008285439215,0.38568094782192436,0.4523729895716153,10800,12891,14879,34277,33424,32891
Pennsylvania,TIOGA COUNTY,0.33482907244494303,0.4120210641002361,0.4842202399261766,11342,13614,15742,33874,33042,32510
Pennsylvania,UNION COUNTY,0.2677416736560158,0.2846500160788938,0.3338918013295141,9896,10622,12356,36961,37316,37006
Pennsylvania,VENANGO COUNTY,0.32160815718409536,0.38142513629978814,0.4529908274785324,13815,16021,18569,42956,42003,40992
Pennsylvania,WARREN COUNTY,0.30347127482188874,0.38737619919898164,0.45013911723789046,10010,12477,14237,32985,32209,31628
Pennsylvania,WASHINGTON COUNTY,0.32024979845259727,0.36855408593951694,0.42797329478312507,53230,61386,71347,166214,166559,166709
Pennsylvania,WAYNE COUNTY,0.3019292002247612,0.3814667825188455,0.43345892641175926,12896,16244,18637,42712,42583,42996
Pennsylvania,WESTMORELAND COUNTY,0.35475304638700206,0.4036540246927266,0.45634688377276755,103932,116522,130209,292970,288668,285329
Pennsylvania,WYOMING COUNTY,0.2938788257339163,0.4010255944817571,0.4600852009631413,6587,8837,9936,22414,22036,21596
Pennsylvania,YORK COUNTY,0.33557237800760564,0.37252657115446486,0.4188052484808006,113304,128528,146728,337644,345017,350349
Wisconsin,ADAMS COUNTY,0.26917057902973396,0.35154826958105645,0.42378540179599355,4644,5983,7362,17253,17019,17372
Wisconsin,ASHLAND COUNTY,0.23082589833838094,0.2717695473251029,0.31685208075813764,2820,3302,3845,12217,12150,12135
Wisconsin,BARRON COUNTY,0.3198691787331582,0.38452407867962923,0.4445476290980723,11443,13606,15797,35774,35384,35535
Wisconsin,BAYFIELD COUNTY,0.2937627395026498,0.33495736906211937,0.37141018421687716,3603,4125,4617,12265,12315,12431
Wisconsin,BROWN COUNTY,0.3403571766039875,0.3411670931318793,0.37496787331211323,64836,67199,75865,190494,196968,202324
Wisconsin,BUFFALO COUNTY,0.321206913014418,0.39067927441142414,0.46633224001543505,3364,4049,4834,10473,10364,10366
Wisconsin,BURNETT COUNTY,0.365902694008846,0.43344545891398367,0.507541241162608,4550,5412,6461,12435,12486,12730
Wisconsin,CALUMET COUNTY,0.3966660300657518,0.41034141646392003,0.47216510943965856,14539,15348,18142,36653,37403,38423
Wisconsin,CHIPPEWA COUNTY,0.31615219544404094,0.3641520943472957,0.42191520525711573,15322,17909,21316,48464,49180,50522
Wisconsin,CLARK COUNTY,0.30504568277224464,0.3550281279513818,0.40763837939186437,7412,8646,10001,24298,24353,24534
Wisconsin,COLUMBIA COUNTY,0.2984124075049827,0.31910578266552486,0.37252657759778135,13026,14160,16925,43651,44374,45433
Wisconsin,CRAWFORD COUNTY,0.23652348268682039,0.2985862979648905,0.3581950690029462,3067,3844,4620,12967,12874,12898
Wisconsin,DANE COUNTY,0.21171676264000505,0.16934257666612815,0.18053191026219734,83644,71279,78789,395075,420916,436427
Wisconsin,DODGE COUNTY,0.36360096341058884,0.38271374396690416,0.44369286502702854,25211,26643,31354,69337,69616,70666
Wisconsin,DOOR COUNTY,0.3574226486510277,0.3764416962680349,0.42087091623149625,8121,8584,9752,22721,22803,23171
Wisconsin,DOUGLAS COUNTY,0.2232168723564517,0.27855803893294884,0.3146141877485161,7705,9659,10919,34518,34675,34706
Wisconsin,DUNN COUNTY,0.2921727202583374,0.323724180685885,0.3609566337013396,10224,11488,13176,34993,35487,36503
Wisconsin,EAU CLAIRE COUNTY,0.2907181698856178,0.2844955942297835,0.3032431785543322,23256,23311,25339,79995,81938,83560
Wisconsin,FLORENCE COUNTY,0.4517989563306784,0.5170346143363315,0.5793047256925584,1645,1897,2133,3641,3669,3682
Wisconsin,FOND DU LAC COUNTY,0.3834009068748184,0.3880063492857054,0.43896869244935544,30355,31044,35754,79173,80009,81450
Wisconsin,FOREST COUNTY,0.29979296066252586,0.387814716928641,0.4546334716459198,2172,2788,3287,7245,7189,7230
Wisconsin,GRANT COUNTY,0.25502337610663484,0.29911590165919827,0.34276398048493467,10255,12349,13981,40212,41285,40789
Wisconsin,GREEN COUNTY,0.2794792444776438,0.3052960595631102,0.3529146269485817,7857,8693,10165,28113,28474,28803
Wisconsin,GREEN LAKE COUNTY,0.3945680360311178,0.4300546826330726,0.48503926347143245,5782,6213,7165,14654,14447,14772
Wisconsin,IOWA COUNTY,0.23943032672437867,0.26731517509727626,0.321102413568167,4287,4809,5907,17905,17990,18396
Wisconsin,IRON COUNTY,0.3632305194805195,0.4359616186900292,0.5048644173049058,1790,2090,2439,4928,4794,4831
Wisconsin,JACKSON COUNTY,0.2459016393442623,0.3073213502849627,0.3585186102681613,3900,4907,5789,15860,15967,16147
Wisconsin,JEFFERSON COUNTY,0.3620729472987329,0.3539943445585278,0.40533011560004767,23517,23410,27209,64951,66131,67128
Wisconsin,JUNEAU COUNTY,0.2548511680482291,0.3381277888540777,0.40965491407969284,5411,7123,8749,21232,21066,21357
Wisconsin,KENOSHA COUNTY,0.27844161220217006,0.28083318391942563,0.34184162118609285,34977,36025,44972,125617,128279,131558
Wisconsin,KEWAUNEE COUNTY,0.362838563040596,0.4154995917854676,0.4940787833457991,5747,6616,7927,15839,15923,16044
Wisconsin,LA CROSSE COUNTY,0.2789138487533306,0.2804655117440748,0.30206993950380473,25751,26389,28661,92326,94090,94882
Wisconsin,LAFAYETTE COUNTY,0.26347591031960566,0.31681669720385564,0.38015616373531036,3314,3977,4820,12578,12553,12679
Wisconsin,LANGLADE COUNTY,0.3730835845788697,0.42073609204419166,0.47449508026929055,5816,6436,7330,15589,15297,15448
Wisconsin,LINCOLN COUNTY,0.32982347475998763,0.3729852138004529,0.4437995658145408,7455,8400,10017,22603,22521,22571
Wisconsin,MANITOWOC COUNTY,0.341581418881528,0.3694447099302303,0.4331503143152702,21604,23193,27217,63247,62778,62835
Wisconsin,MARATHON COUNTY,0.35837182900093956,0.3756053414462726,0.4251105098696746,36617,39013,44623,102176,103867,104968
Wisconsin,MARINETTE COUNTY,0.3204768371812283,0.4000061563086773,0.46745272932767207,10619,12995,15303,33135,32487,32737
Wisconsin,MARQUETTE COUNTY,0.3263037436651954,0.3891686617683481,0.45471893138268266,3992,4714,5719,12234,12113,12577
Wisconsin,MENOMINEE COUNTY,0.060719131614654004,0.08895502645502645,0.09141729694179546,179,269,278,2948,3024,3041
Wisconsin,MILWAUKEE COUNTY,0.21546040050790155,0.17395908064852791,0.1865251525395492,154924,125846,134355,719037,723423,720305
Wisconsin,MONROE COUNTY,0.28991370010787487,0.3354510800508259,0.398317092212937,9675,11352,13775,33372,33841,34583
Wisconsin,OCONTO COUNTY,0.3650049274475822,0.4449256387014469,0.5367962510725365,10741,13253,16266,29427,29787,30302
Wisconsin,ONEIDA COUNTY,0.3727337908429786,0.41488050400602616,0.46301564722617355,10917,12117,13671,29289,29206,29526
Wisconsin,OUTAGAMIE COUNTY,0.35089590601690335,0.35516001566337974,0.40523524593577764,47372,49884,58379,135003,140455,144062
Wisconsin,OZAUKEE COUNTY,0.5355292650704351,0.43986065538225816,0.4825888346544094,36077,30430,33912,67367,69181,70271
Wisconsin,PEPIN COUNTY,0.3151791988756149,0.3865428421237077,0.44798890429958393,1794,2206,2584,5692,5707,5768
Wisconsin,PIERCE COUNTY,0.32583283713059014,0.3440183346065699,0.37750802863793054,10397,11258,12813,31909,32725,33941
Wisconsin,POLK COUNTY,0.3592561787072243,0.4069099584695591,0.4771217393805183,12094,13815,16590,33664,33951,34771
Wisconsin,PORTAGE COUNTY,0.29556694061977445,0.3050966979884703,0.3367065638412953,16615,17306,19298,56214,56723,57314
Wisconsin,PRICE COUNTY,0.34399078912408115,0.41374931978958823,0.4923779096303058,3884,4562,5394,11291,11026,10955
Wisconsin,RACINE COUNTY,0.33474883831360447,0.3128632989220174,0.35978231436289304,49347,46611,54475,147415,148982,151411
Wisconsin,RICHLAND COUNTY,0.2588005215123859,0.29317883690424135,0.3635018130688966,3573,4023,4912,13806,13722,13513
Wisconsin,ROCK COUNTY,0.2518278292155601,0.25580242901823796,0.29481866107723576,30517,31488,37133,121182,123095,125952
Wisconsin,RUSK COUNTY,0.3277753009362461,0.4081194670481982,0.46542718016821605,3676,4564,5257,11215,11183,11295
Wisconsin,SAUK COUNTY,0.26908404946552084,0.30152485016512415,0.3510085298544907,12838,14791,17489,47710,49054,49825
Wisconsin,SAWYER COUNTY,0.3373585478848637,0.3965886492274744,0.43958753642681014,4442,5185,5883,13167,13074,13383
Wisconsin,SHAWANO COUNTY,0.34122782576390825,0.39715737306361626,0.4802126402835204,11022,12742,15447,32301,32083,32167
Wisconsin,SHEBOYGAN COUNTY,0.38705866315263326,0.36445911653080015,0.41752949140504486,34072,32458,37624,88028,89058,90111
Wisconsin,ST. CROIX COUNTY,0.4093776586352473,0.40220892774965483,0.4699338676477029,25503,26220,32190,62297,65190,68499
Wisconsin,TAYLOR COUNTY,0.36405589860253496,0.42661055357720945,0.49098954659141925,5601,6589,7656,15385,15445,15593
Wisconsin,TREMPEALEAU COUNTY,0.25717633274751023,0.3319958523060277,0.3974428236989015,5707,7364,8828,22191,22181,22212
Wisconsin,VERNON COUNTY,0.2685649717514124,0.3096671388101983,0.360177107535838,5942,6996,8216,22125,22592,22811
Wisconsin,VILAS COUNTY,0.43985922688312423,0.4566748658318426,0.5019784270150144,7749,8169,9261,17617,17888,18449
Wisconsin,WALWORTH COUNTY,0.36457102636937233,0.3583930634402057,0.4085860536990535,29006,28851,33844,79562,80501,82832
Wisconsin,WASHBURN COUNTY,0.37099321016895626,0.42885485278946117,0.4963160369963944,4699,5404,6332,12666,12601,12758
Wisconsin,WASHINGTON COUNTY,0.5406112416339263,0.4971599919268806,0.5650615859435829,54765,51729,60235,101302,104049,106599
Wisconsin,WAUKESHA COUNTY,0.5386043095490953,0.4579120360106798,0.5017601981480201,162798,142521,159633,302259,311241,318146
Wisconsin,WAUPACA COUNTY,0.4185004676807956,0.3979890355729282,0.46566724010813465,17002,16189,18948,40626,40677,40690
Wisconsin,WAUSHARA COUNTY,0.3329781295986198,0.39133540848088993,0.45118350598008305,6562,7669,9016,19707,19597,19983
Wisconsin,WINNEBAGO COUNTY,0.3173868816637155,0.32319926207496785,0.34911834743100906,42122,43448,47795,132715,134431,136902
Wisconsin,WOOD COUNTY,0.34034614986008915,0.37466894340674656,0.424581200761612,19704,21503,24306,57894,57392,57247
