,,turnout,turnout,turnout,winner,winner,winner,AGE18PLUS_TOT,AGE18PLUS_TOT,AGE18PLUS_TOT
year,,2012,2016,2020,2012,2016,2020,2012,2016,2020
state,county,,,,,,,,,
Arizona,APACHE COUNTY,0.5110219252288408,0.5376914703366767,0.6704281194007091,blue,blue,blue,50581,51444,52462
Arizona,COCHISE COUNTY,0.47800343361036324,0.5097589563267594,0.610839927639491,red,red,red,102516,98115,98949
Arizona,COCONINO COUNTY,0.4910160884628162,0.5397324088619252,0.6386695256524241,blue,blue,blue,105355,110766,114726
Arizona,GILA COUNTY,0.512620249547576,0.5253219692510536,0.6379024075269809,red,red,red,41996,42473,43364
Arizona,GRAHAM COUNTY,0.44519133275752,0.44341311894756075,0.5264174126733369,red,red,red,26629,27365,28485
Arizona,GREENLEE COUNTY,0.47844272844272845,0.4717253317945759,0.5318227738490403,red,red,red,6216,6932,6929
Arizona,LA PAZ COUNTY,0.337027648411248,0.3473211159098868,0.4237018520622656,red,red,red,16963,17134,17602
Arizona,MARICOPA COUNTY,0.4688357424083484,0.48815051074418453,0.6024347388388384,red,red,blue,2936120,3211784,3432976
Arizona,MOHAVE COUNTY,0.42806481198410273,0.4739609889132626,0.5919399169786566,red,red,red,163550,168670,176822
Arizona,NAVAJO COUNTY,0.4881221645508387,0.510386583573998,0.6328174661385751,red,red,red,76487,78948,81804
Arizona,PIMA COUNTY,0.495700471126177,0.5280235434081588,0.625498213882198,blue,blue,blue,771131,798525,831972
Arizona,PINAL COUNTY,0.3787383430831256,0.4060735813629824,0.513210792814039,red,red,red,285989,319021,360425
Arizona,SANTA CRUZ COUNTY,0.4153786361326198,0.48945612676475847,0.5731031855346833,blue,blue,blue,33449,33574,34123
Arizona,YAVAPAI COUNTY,0.5785835857493149,0.6129991162529124,0.7247146095615917,red,red,red,173325,186705,197624
Arizona,YUMA COUNTY,0.28358118156009193,0.34333346286869,0.4361619793031994,red,red,red,147940,154398,160218
Florida,ALACHUA COUNTY,0.5827852389594677,0.5943445942197815,0.6459860296982162,blue,blue,blue,206625,216324,220754
Florida,BAKER COUNTY,0.563721114747595,0.6005894656778855,0.6321777058320968,red,red,red,20166,21036,22239
Florida,BAY COUNTY,0.5929200911716447,0.6081909981083787,0.6705785672063551,red,red,red,134691,143792,138722
Florida,BRADFORD COUNTY,0.5407101031694396,0.5663857677902622,0.5997360316761988,red,red,red,21518,21360,22730
Florida,BREVARD COUNTY,0.6455761735528969,0.669887497924905,0.7320891176106512,red,red,red,442332,469858,492787
Florida,BROWARD COUNTY,0.5334440058758939,0.5535162661532146,0.620835718448572,blue,blue,blue,1417997,1503029,1542553
Florida,CALHOUN COUNTY,0.5325023803341123,0.5352521785054133,0.5777266288951841,red,red,red,11553,11361,11296
Florida,CHARLOTTE COUNTY,0.6027017024426351,0.6205067121655989,0.6984073622725554,red,red,red,140504,155315,166579
Florida,CITRUS COUNTY,0.6273865892775317,0.6550720825867539,0.7301154611395717,red,red,red,117846,121666,127662
Florida,CLAY COUNTY,0.6654380610536613,0.6750153725221713,0.7365688166822579,red,red,red,145151,157749,168898
Florida,COLLIER COUNTY,0.5531619695581367,0.5675787948475947,0.6491330545030877,red,red,red,269563,300908,320147
Florida,COLUMBIA COUNTY,0.5121422376409367,0.5317588218949708,0.5874551079187853,red,red,red,53038,53985,56246
Florida,DESOTO COUNTY,0.35872727272727273,0.371089462129528,0.4103536581412688,red,red,red,27500,29152,30849
Florida,DIXIE COUNTY,0.5311447811447811,0.5365817314856206,0.5938340725659856,red,red,red,13068,13422,13753
Florida,DUVAL COUNTY,0.6085107703309481,0.6045286382510241,0.6641716318040126,red,red,blue,676813,715756,742007
Florida,ESCAMBIA COUNTY,0.620430911666033,0.6196642159552288,0.6758513993295913,red,red,red,239353,246051,252085
Florida,FLAGLER COUNTY,0.6348658619218511,0.6489008756883633,0.7473997957354566,red,red,red,79694,88616,95954
Florida,FRANKLIN COUNTY,0.566139207777433,0.6079442086112795,0.6676740105283681,red,red,red,9669,9894,10258
Florida,GADSDEN COUNTY,0.6266258181311795,0.6148477686639788,0.663668863814099,blue,blue,blue,35905,35965,35804
Florida,GILCHRIST COUNTY,0.5917695473251029,0.6009992862241256,0.6506550218340611,red,red,red,13365,14010,14885
Florida,GLADES COUNTY,0.3838160300202059,0.3863495162865004,0.4392286221771124,red,red,red,10393,11267,11823
Florida,GULF COUNTY,0.5341549560381754,0.5368421052631579,0.7323046559612452,red,red,red,13307,13585,11147
Florida,HAMILTON COUNTY,0.4532271584241408,0.47240006921612737,0.49897295446764806,red,red,red,11930,11558,11684
Florida,HARDEE COUNTY,0.36249623758402727,0.37790292036280276,0.4225808058170228,red,red,red,19934,20066,20079
Florida,HENDRY COUNTY,0.3740909424814515,0.3797533226280365,0.42012987012987013,red,red,red,27226,29269,30800
Florida,HERNANDO COUNTY,0.5998580421285077,0.631656924278749,0.6869363403589763,red,red,red,139478,148492,158562
Florida,HIGHLANDS COUNTY,0.5270386052922404,0.5410789364599988,0.5904923599320883,red,red,red,80533,84435,88350
Florida,HILLSBOROUGH COUNTY,0.5525715736050958,0.5536077689975574,0.6209508777131496,blue,blue,blue,981053,1079573,1146730
Florida,HOLMES COUNTY,0.529536,0.5500355320111119,0.5803891449052739,red,red,red,15625,15479,15624
Florida,INDIAN RIVER COUNTY,0.6221131162240039,0.6363151950881992,0.7226550627515809,red,red,red,114873,125738,134897
Florida,JACKSON COUNTY,0.525904718852809,0.5358579941934498,0.5955056179775281,red,red,red,39819,39266,37647
Florida,JEFFERSON COUNTY,0.6698695950583391,0.665361183637946,0.7108849259757739,blue,red,red,11656,11490,11888
Florida,LAFAYETTE COUNTY,0.48591851322373125,0.4868666570977465,0.5424080664294187,red,red,red,6995,6967,6744
Florida,LAKE COUNTY,0.6227253395215935,0.6332875134673255,0.7097266071068717,red,red,red,242179,269170,297740
Florida,LEE COUNTY,0.5105263965505336,0.5518251037989749,0.6182997733365982,red,red,red,521356,591528,637068
Florida,LEON COUNTY,0.6451140178462715,0.6531905575639958,0.681956687343563,blue,blue,blue,229964,232906,238914
Florida,LEVY COUNTY,0.581382121528107,0.6067573908962928,0.6921972665011813,red,red,red,31647,31965,33437
Florida,LIBERTY COUNTY,0.4950256255652698,0.48685376661742985,0.5159374094465372,red,red,red,6634,6770,6902
Florida,MADISON COUNTY,0.5768467037331215,0.5761024182076814,0.6216861081654295,red,red,red,15108,14763,15088
Florida,MANATEE COUNTY,0.5752669432607368,0.5883621610781061,0.6559378401257709,red,red,red,266817,304163,330760
Florida,MARION COUNTY,0.5963131563195117,0.6190118487442599,0.685675943166759,red,red,red,270638,282224,298065
Florida,MARTIN COUNTY,0.6400990099009901,0.6502300270575484,0.7317590204275253,red,red,red,123220,131941,134916
Florida,MIAMI-DADE COUNTY,0.4329730622385775,0.45877006876842596,0.5337686600737059,blue,blue,blue,2028565,2136591,2167261
Florida,MONROE COUNTY,0.617755915475136,0.6508841285893782,0.7626435047715833,blue,red,red,63224,65262,62977
Florida,NASSAU COUNTY,0.6893923930053752,0.7286100645645411,0.8264614952220348,red,red,red,58788,63967,71160
Florida,OKALOOSA COUNTY,0.6441350537809759,0.6477978534128936,0.7100244051250763,red,red,red,147171,155689,163900
Florida,OKEECHOBEE COUNTY,0.4033250425448357,0.42874638864464265,0.4804408709007137,red,red,red,30556,31844,33207
Florida,ORANGE COUNTY,0.503933817212841,0.5318268597024631,0.5953141982789854,blue,blue,blue,925437,1027167,1087498
Florida,OSCEOLA COUNTY,0.5063846637627821,0.5518465601593281,0.604718201935115,blue,blue,blue,214655,254067,285151
Florida,PALM BEACH COUNTY,0.55380180359576,0.5663464679234054,0.6373979691522855,blue,blue,blue,1084722,1169482,1212991
Florida,PASCO COUNTY,0.5740592409418342,0.5941345173037407,0.6834498180303826,red,red,red,372040,405866,441832
Florida,PINELLAS COUNTY,0.6009237669103437,0.6157100128543062,0.6826200590035258,blue,red,blue,761664,799732,819951
Florida,POLK COUNTY,0.5243512107078698,0.5504254309969315,0.6069505005817428,red,red,red,474268,516535,565542
Florida,PUTNAM COUNTY,0.5506741908830406,0.5833025099075297,0.6190832808537436,red,red,red,56883,56775,58753
Florida,SANTA ROSA COUNTY,0.6309972492507288,0.6645586397546105,0.741942422581339,red,red,red,121785,132035,144119
Florida,SARASOTA COUNTY,0.6345186979338692,0.6493893450058967,0.7257562671330247,red,red,red,326988,352736,372818
Florida,SEMINOLE COUNTY,0.6221835175945339,0.6269035320746723,0.6980606378536941,red,red,blue,335303,358741,373628
Florida,ST. JOHNS COUNTY,0.7317376338602753,0.7452125685088543,0.8512683089053937,red,red,red,156880,183188,207481
Florida,ST. LUCIE COUNTY,0.5549105572244324,0.5779832325893461,0.6516961534676327,blue,red,red,221706,243687,264186
Florida,SUMTER COUNTY,0.6479846572524482,0.6767863133176786,0.7517577728104043,red,red,red,93334,113278,123025
Florida,SUWANNEE COUNTY,0.5163132614807873,0.5394938097024616,0.6003250085528566,red,red,red,34144,34651,35076
Florida,TAYLOR COUNTY,0.4958138523431554,0.5233507971381894,0.5850375505488157,red,red,red,18394,17751,17310
Florida,UNION COUNTY,0.43806352042888475,0.46165072158261716,0.5108384458077709,red,red,red,12311,12334,12225
Florida,VOLUSIA COUNTY,0.5788839744096043,0.6007940912974687,0.6734580774049962,red,red,red,405152,434207,456508
Florida,WAKULLA COUNTY,0.6062611140978454,0.6126431735642734,0.6879742813352772,red,red,red,24181,25057,26751
Florida,WALTON COUNTY,0.6252935109394544,0.646330918663413,0.7410276840659806,red,red,red,45569,52043,58987
Florida,WASHINGTON COUNTY,0.5606014271151886,0.5698814875357581,0.6043239533287578,red,red,red,19620,19576,20398
Georgia,APPLING COUNTY,0.5155704307334109,0.5074540454479665,0.6012398183521949,red,red,red,13744,13818,13873
Georgia,ATKINSON COUNTY,0.49178105405863415,0.4356534802203305,0.5236514522821577,red,red,red,5901,5991,6025
Georgia,BACON COUNTY,0.47723685807939786,0.4798854005013728,0.5603168887288441,red,red,red,8237,8377,8331
Georgia,BAKER COUNTY,0.611388995767603,0.5614035087719298,0.6354720065386187,blue,red,red,2599,2565,2447
Georgia,BALDWIN COUNTY,0.4342988579528738,0.4408819828199376,0.4986339544287197,blue,blue,blue,37389,36554,36602
Georgia,BANKS COUNTY,0.45061099796334014,0.4942602040816326,0.5879877071084981,red,red,red,13748,14112,14968
Georgia,BARROW COUNTY,0.4964244203226887,0.5140451425741173,0.6134098997088321,red,red,red,50761,56532,61820
Georgia,BARTOW COUNTY,0.48183788003176187,0.5082959554807285,0.6150986629614733,red,red,red,74303,77809,82047
Georgia,BEN HILL COUNTY,0.45917816667951583,0.4615863141524106,0.5204284014280047,red,red,red,12971,12860,12605
Georgia,BERRIEN COUNTY,0.4288381742738589,0.4597139867457272,0.5245934959349593,red,red,red,14460,14335,14760
Georgia,BIBB COUNTY,0.5537037353912493,0.5430003990353753,0.6101464137675476,blue,blue,blue,116882,115278,116041
Georgia,BLECKLEY COUNTY,0.48932987634623054,0.4865023474178404,0.5538730343622598,red,red,red,10028,10224,10302
Georgia,BRANTLEY COUNTY,0.4338272497289483,0.4499428734647244,0.5275488660355513,red,red,red,13835,14004,14683
Georgia,BROOKS COUNTY,0.5570980003305239,0.5162551943290149,0.5857119287246328,red,red,red,12102,12273,12122
Georgia,BRYAN COUNTY,0.5884179678957268,0.5996048211815846,0.7627148933128418,red,red,red,22863,25305,27979
Georgia,BULLOCH COUNTY,0.4109226779499079,0.42400388564154956,0.471159418020078,red,red,red,58612,59707,63851
Georgia,BURKE COUNTY,0.5810802780913898,0.5615204467663484,0.6420287242353224,blue,blue,red,16829,16653,16641
Georgia,BUTTS COUNTY,0.5118677361270257,0.5067916688861663,0.5935057732062724,red,red,red,18327,18773,19833
Georgia,CALHOUN COUNTY,0.4122856604484643,0.38807972403219626,0.42676522077416845,blue,blue,blue,5307,5218,5141
Georgia,CAMDEN COUNTY,0.4728510951592122,0.476780263854905,0.5710290962562977,red,red,red,38031,39643,41483
Georgia,CANDLER COUNTY,0.42727382826692506,0.4635378171963538,0.5465646971752807,red,red,red,8257,8118,8107
Georgia,CARROLL COUNTY,0.49665303975710634,0.500663829787234,0.5941300293389467,red,red,red,83658,88125,91687
Georgia,CATOOSA COUNTY,0.48278111938016105,0.527293867255242,0.6230382505304609,red,red,red,49045,50744,52313
Georgia,CHARLTON COUNTY,0.35004184878638517,0.385894109733833,0.41755829903978053,red,red,red,10753,10407,10935
Georgia,CHATHAM COUNTY,0.5055004374290342,0.4972861273214254,0.5824064535279635,blue,blue,blue,214892,225508,229084
Georgia,CHATTAHOOCHEE COUNTY,0.16659212880143112,0.17523953605648007,0.18728542677873802,red,red,red,8944,7932,8447
Georgia,CHATTOOGA COUNTY,0.39342118499144957,0.4276755636175175,0.5221321695760599,red,red,red,19882,19295,19248
Georgia,CHEROKEE COUNTY,0.6083617218953237,0.6210533900935657,0.7355099511962258,red,red,red,161450,180408,196911
Georgia,CLARKE COUNTY,0.40771227439375424,0.4367407580039036,0.482775160116243,blue,blue,blue,99011,102981,106329
Georgia,CLAY COUNTY,0.5764802631578947,0.5389500423370025,0.6270222999562746,blue,blue,blue,2432,2362,2287
Georgia,CLAYTON COUNTY,0.5050203970056355,0.46380568500232255,0.5308409801827684,blue,blue,blue,190224,200211,211634
Georgia,CLINCH COUNTY,0.5005061753391374,0.4916883637091929,0.5776522791448164,red,red,red,4939,4993,4958
Georgia,COBB COUNTY,0.5858883941138352,0.5840050417853851,0.6751115767166012,red,blue,blue,529309,566466,583231
Georgia,COFFEE COUNTY,0.4489656457725042,0.42975385280583095,0.46514614161672985,red,red,red,32194,32379,32708
Georgia,COLQUITT COUNTY,0.3986241962015852,0.40836880282956656,0.474298858710077,red,red,red,33435,33362,33909
Georgia,COLUMBIA COUNTY,0.6062286513848306,0.5905914763190542,0.6865149010854192,red,red,red,97196,109624,117374
Georgia,COOK COUNTY,0.48696003229713364,0.47719215315528246,0.54341109222926,red,red,red,12385,12693,12946
Georgia,COWETA COUNTY,0.5789632748342991,0.5870301002072598,0.6811139195601082,red,red,red,95956,105182,112755
Georgia,CRAWFORD COUNTY,0.5268397824078825,0.5349317899958661,0.6164259016062229,red,red,red,9743,9676,9899
Georgia,CRISP COUNTY,0.41707550893813794,0.4348983963411104,0.47229892485752895,red,red,red,17733,17273,17021
Georgia,DADE COUNTY,0.4595770669516757,0.477363107984093,0.5706171323303654,red,red,red,13099,13076,13028
Georgia,DAWSON COUNTY,0.5836371923427529,0.6275001333404449,0.77116002493646,red,red,red,17552,18749,20853
Georgia,DECATUR COUNTY,0.5107160253287871,0.5120724846915916,0.5814662932586517,red,red,red,20530,20087,19996
Georgia,DEKALB COUNTY,0.564759272201559,0.5511397263536111,0.6338876656500868,blue,blue,blue,542293,571102,584968
Georgia,DODGE COUNTY,0.45969563666627034,0.4197760076660478,0.48488854172925555,red,red,red,16822,16697,16643
Georgia,DOOLY COUNTY,0.3754367575122292,0.3403298350824588,0.36691097604576334,blue,red,red,11448,11339,11188
Georgia,DOUGHERTY COUNTY,0.5363821540724814,0.49950909277413874,0.5257038217034644,blue,blue,blue,70694,68241,67169
Georgia,DOUGLAS COUNTY,0.5708280399508361,0.5536983227365574,0.6352754052240109,blue,blue,blue,96819,104277,108767
Georgia,EARLY COUNTY,0.6752869938185947,0.6204616182572614,0.6774193548387096,blue,red,red,7927,7712,7657
Georgia,ECHOLS COUNTY,0.38464223385689356,0.4097053726169844,0.4863314208572393,red,red,red,2865,2885,2963
Georgia,EFFINGHAM COUNTY,0.5389674278908394,0.5455856358731045,0.6668919918037981,red,red,red,38622,42996,47339
Georgia,ELBERT COUNTY,0.5360763660302831,0.5355011733154542,0.6100172941332979,red,red,red,15190,14915,15034
Georgia,EMANUEL COUNTY,0.47454940409792756,0.4692537313432836,0.5578323156411461,red,red,red,17033,16750,17032
Georgia,EVANS COUNTY,0.4522721502919523,0.4646945337620579,0.5415710277990309,red,red,red,7878,7775,7842
Georgia,FANNIN COUNTY,0.5190155440414508,0.5695274831243973,0.6765375854214123,red,red,red,19300,20740,21950
Georgia,FAYETTE COUNTY,0.726767344608932,0.7150756010518408,0.8171736662883088,red,red,red,80587,85184,88100
Georgia,FLOYD COUNTY,0.449441432561196,0.46751141490827547,0.5487436921090425,red,red,red,73044,74026,75897
Georgia,FORSYTH COUNTY,0.6231111721025265,0.6222189843908372,0.7240975729949489,red,red,red,131166,157856,178574
Georgia,FRANKLIN COUNTY,0.45556990257072427,0.487975664351719,0.5898953367307798,red,red,red,17038,17423,18249
Georgia,FULTON COUNTY,0.5320298537434318,0.5451116466025846,0.627654611055815,blue,blue,blue,746975,791381,835904
Georgia,GILMER COUNTY,0.4947462954647508,0.5338990135428858,0.6496186807138926,red,red,red,22270,23924,25438
Georgia,GLASCOCK COUNTY,0.5788102475032566,0.6093818500657606,0.6726804123711341,red,red,red,2303,2281,2328
Georgia,GLYNN COUNTY,0.5354828282828283,0.5262244474819923,0.6260195332886006,red,red,red,61875,65111,67065
Georgia,GORDON COUNTY,0.41068954621685344,0.4440878853180924,0.5447312949069562,red,red,red,41143,42692,44119
Georgia,GRADY COUNTY,0.4997872340425532,0.49542912454291244,0.5777885705034806,red,red,red,18800,18596,18531
Georgia,GREENE COUNTY,0.645594166925225,0.6480708690240867,0.7556944164482967,red,red,red,12892,13659,14883
Georgia,GWINNETT COUNTY,0.4958018717386183,0.5003657521846073,0.6022114480779697,red,blue,blue,598481,656182,687242
Georgia,HABERSHAM COUNTY,0.440397052188299,0.47699174815728423,0.5799767237219337,red,red,red,33245,34053,35229
Georgia,HALL COUNTY,0.4592838752170529,0.4873263709371661,0.5891966831122509,red,red,red,133608,145065,153638
Georgia,HANCOCK COUNTY,0.5438339763203406,0.4936569222283508,0.5804878048780487,blue,blue,blue,7517,7252,7175
Georgia,HARALSON COUNTY,0.48713615023474177,0.5194383461397731,0.6294120245615585,red,red,red,21300,21864,22637
Georgia,HARRIS COUNTY,0.6161925601750547,0.6280494766888678,0.7211500306626745,red,red,red,25135,26275,27721
Georgia,HART COUNTY,0.4775557340831492,0.5042867111952946,0.6123754992060819,red,red,red,19916,20062,20783
Georgia,HEARD COUNTY,0.47436043206367257,0.473112256329823,0.5806764325721672,red,red,red,8795,8926,9284
Georgia,HENRY COUNTY,0.6105094371137465,0.6074095029581432,0.7002424622757224,red,blue,blue,149675,162602,175285
Georgia,HOUSTON COUNTY,0.5399603790957878,0.5345677474463466,0.6365585360251143,red,red,red,107519,112388,117543
Georgia,IRWIN COUNTY,0.500945434900054,0.5038440417353103,0.558862965942612,red,red,red,7404,7284,7458
Georgia,JACKSON COUNTY,0.5253778979564697,0.5606647970966677,0.6912053432173068,red,red,red,45118,48496,54499
Georgia,JASPER COUNTY,0.5866160879291897,0.577805390938635,0.699743683632369,red,red,red,10281,10462,10924
Georgia,JEFF DAVIS COUNTY,0.4846503178928247,0.46598390636430137,0.5163281739286034,red,red,red,11010,10936,11177
Georgia,JEFFERSON COUNTY,0.5935746238308255,0.5806666666666667,0.6476820069497415,blue,blue,blue,12295,12000,11799
Georgia,JENKINS COUNTY,0.48394004282655245,0.4392698002012362,0.4964793792211525,red,red,red,7005,6957,6959
Georgia,JOHNSON COUNTY,0.473096701367114,0.46723285587526936,0.5238277756483966,red,red,red,7973,7889,7827
Georgia,JONES COUNTY,0.5655220742817099,0.5774822858194534,0.6740530558933477,red,red,red,21405,21734,22203
Georgia,LAMAR COUNTY,0.5351378022132939,0.5200519232083077,0.5983715080100622,red,red,red,14187,14637,15106
Georgia,LANIER COUNTY,0.38112336496537574,0.36779400461183703,0.4510026485054862,red,red,red,7798,7806,7929
Georgia,LAURENS COUNTY,0.5478885441994354,0.5497382198952879,0.6328729743275603,red,red,red,35781,35526,35914
Georgia,LEE COUNTY,0.6536838066001535,0.6606408819133034,0.755537474007775,red,red,red,20848,21408,22122
Georgia,LIBERTY COUNTY,0.35650505985845626,0.36613744613290994,0.4857382931371213,blue,blue,blue,45357,44090,44034
Georgia,LINCOLN COUNTY,0.706126356094448,0.6496674057649667,0.7216014897579144,red,red,red,6268,6314,6444
Georgia,LONG COUNTY,0.3380757602703183,0.31274688544515344,0.39721890582203806,red,red,red,11246,13164,14239
Georgia,LOWNDES COUNTY,0.4500937287960162,0.43457020024369497,0.5203398962799991,red,red,red,86953,86994,89086
Georgia,LUMPKIN COUNTY,0.44361728093727115,0.4835947534347877,0.5584079387336857,red,red,red,24582,25693,27813
Georgia,MACON COUNTY,0.42320970169071437,0.39632060645280576,0.4418538527153824,blue,blue,blue,11297,10817,10551
Georgia,MADISON COUNTY,0.5175483570263342,0.5410109572981017,0.6480822631030893,red,red,red,21455,22177,23048
Georgia,MARION COUNTY,0.4787796405376831,0.48129149064574533,0.5463591135232926,red,red,red,6621,6628,6633
Georgia,MCDUFFIE COUNTY,0.5980422719620924,0.5807745331495174,0.6529477891581315,red,red,red,16039,15958,16012
Georgia,MCINTOSH COUNTY,0.5677829512893983,0.5082658859996556,0.5528858062918008,red,red,red,11168,11614,12111
Georgia,MERIWETHER COUNTY,0.5611484644739233,0.5604402286270218,0.6506161024045939,red,red,red,16509,16446,16718
Georgia,MILLER COUNTY,0.6054985817150338,0.5633303808680248,0.6428571428571429,red,red,red,4583,4516,4410
Georgia,MITCHELL COUNTY,0.47383188273018784,0.45694404175123227,0.5286034442085398,red,red,red,17464,17245,16956
Georgia,MONROE COUNTY,0.5964920804586532,0.5954660658969304,0.7092108255628838,red,red,red,20582,21306,21985
Georgia,MONTGOMERY COUNTY,0.5568148793955245,0.5043723554301833,0.5401797875238354,red,red,red,6882,7090,7342
Georgia,MORGAN COUNTY,0.6682211858760826,0.6774631774631774,0.7837059847369126,red,red,red,13509,13986,14938
Georgia,MURRAY COUNTY,0.38586171310629513,0.42280671983709484,0.5080219199788724,red,red,red,29070,29465,30292
Georgia,MUSCOGEE COUNTY,0.47320411254540823,0.4678105771055271,0.5465804367594566,blue,blue,blue,149202,147564,147358
Georgia,NEWTON COUNTY,0.5926118840381057,0.563350879215174,0.654412297000555,blue,blue,blue,72955,78081,82882
Georgia,OCONEE COUNTY,0.7308638936746247,0.7454034256964226,0.8482642399730367,red,red,red,24378,27031,29670
Georgia,OGLETHORPE COUNTY,0.5580464371497198,0.5782360076243286,0.6720390114885527,red,red,red,11241,11542,12099
Georgia,PAULDING COUNTY,0.5582528520993202,0.5720708807193864,0.6830253579713623,red,red,red,102819,113430,125010
Georgia,PEACH COUNTY,0.5311073190979108,0.5097184033374419,0.574904908116035,blue,red,red,21683,21094,21821
Georgia,PICKENS COUNTY,0.5529150132996119,0.5762252688613414,0.6548320452980335,red,red,red,22933,24362,26138
Georgia,PIERCE COUNTY,0.4863597612958227,0.5107586977783988,0.6156777354382145,red,red,red,14076,14314,14696
Georgia,PIKE COUNTY,0.615343754742753,0.638819739346903,0.7335933757613085,red,red,red,13178,13658,14613
Georgia,POLK COUNTY,0.4500148814444922,0.46065850022684557,0.5471383647798742,red,red,red,30239,30858,31800
Georgia,PULASKI COUNTY,0.39417621239695966,0.3931297709923664,0.4446757230499562,red,red,red,9341,9170,9128
Georgia,PUTNAM COUNTY,0.5568168095640623,0.5561873497860367,0.6665354773417295,red,red,red,16562,17059,17786
Georgia,QUITMAN COUNTY,0.5856697819314641,0.5517970401691332,0.5917602996254682,blue,red,red,1926,1892,1869
Georgia,RABUN COUNTY,0.5703041418309643,0.5897719725481514,0.6691845013288572,red,red,red,13086,13551,14298
Georgia,RANDOLPH COUNTY,0.5372452565003514,0.5121908127208481,0.569153860396223,blue,blue,blue,5692,5660,5401
Georgia,RICHMOND COUNTY,0.5146742741021533,0.4870992711088176,0.5561371552743425,blue,blue,blue,153534,155030,156465
Georgia,ROCKDALE COUNTY,0.6040252490008248,0.5691334275151041,0.6486666956988779,blue,blue,blue,63052,66538,68889
Georgia,SCHLEY COUNTY,0.4842105263157895,0.49648894668400523,0.5683237571821134,red,red,red,3610,3845,4003
Georgia,SCREVEN COUNTY,0.5653906756882009,0.5198289976350737,0.6021075581395349,red,red,red,10789,10994,11008
Georgia,SEMINOLE COUNTY,0.5507818208388134,0.5410948574875585,0.6063065875741492,red,red,red,6843,6631,6406
Georgia,SPALDING COUNTY,0.5236812991838353,0.5234177730715973,0.5898043516578211,red,red,red,47907,49108,51061
Georgia,STEPHENS COUNTY,0.47661581694098754,0.4938613263560431,0.59138179827835,red,red,red,19928,19874,20097
Georgia,STEWART COUNTY,0.39686484419805007,0.3864063086744273,0.337059620596206,blue,blue,blue,5231,5326,5904
Georgia,SUMTER COUNTY,0.49839919117027554,0.471472761642894,0.5319148936170213,blue,blue,blue,23738,23276,22842
Georgia,TALBOT COUNTY,0.6525233644859814,0.6213629402756509,0.6791361357500965,blue,blue,blue,5350,5224,5186
Georgia,TALIAFERRO COUNTY,0.7013838310269482,0.6749435665914221,0.7261345852895149,blue,blue,blue,1373,1329,1278
Georgia,TATTNALL COUNTY,0.3328341071339424,0.3432108586486352,0.40656829134992795,red,red,red,20031,20113,20127
Georgia,TAYLOR COUNTY,0.5511761956691074,0.5230202578268877,0.5977888508252881,red,red,red,6419,6516,6422
Georgia,TELFAIR COUNTY,0.32547665515688334,0.2878810860003034,0.32534915152425287,red,red,red,13322,13186,13318
Georgia,TERRELL COUNTY,0.6292745743310917,0.6163013094012064,0.6723507917174177,blue,blue,blue,6989,6797,6568
Georgia,THOMAS COUNTY,0.5645646540168597,0.5513297950326951,0.6440233407992455,red,red,red,33571,34103,33932
Georgia,TIFT COUNTY,0.45230749244909224,0.46683958237573053,0.532124183006536,red,red,red,30791,30458,30600
Georgia,TOOMBS COUNTY,0.47658879934713866,0.4609331651954603,0.5518252603903326,red,red,red,19606,19825,19778
Georgia,TOWNS COUNTY,0.6886572790775031,0.6833013435700576,0.7595430747263208,red,red,red,9019,9899,10505
Georgia,TREUTLEN COUNTY,0.5330490405117271,0.5290663534938345,0.5774066428973541,red,red,red,5159,5109,5329
Georgia,TROUP COUNTY,0.5148699253036397,0.4977031431675657,0.5674011971525142,red,red,red,50471,52463,52959
Georgia,TURNER COUNTY,0.5545341227796822,0.5659560293137909,0.6289600265383978,red,red,red,6418,6004,6029
Georgia,TWIGGS COUNTY,0.6070499855533082,0.6112031320584249,0.6776456236657518,blue,red,red,6922,6641,6558
Georgia,UNION COUNTY,0.6286314117113028,0.6365699208443272,0.7503496166272846,red,red,red,17624,18950,20737
Georgia,UPSON COUNTY,0.5498974709501026,0.5368751841304135,0.633405320506528,red,red,red,20482,20366,20374
Georgia,WALKER COUNTY,0.41494059011919876,0.44933788498330646,0.5361852920761334,red,red,red,52769,53314,54746
Georgia,WALTON COUNTY,0.6003128291888786,0.6065275707898659,0.7146953505287305,red,red,red,62654,67100,71492
Georgia,WARE COUNTY,0.43488871890139513,0.44966046648951874,0.5244253935407582,red,red,red,27453,27096,27062
Georgia,WARREN COUNTY,0.5851285615010424,0.5525568181818182,0.6317921830314586,blue,blue,blue,4317,4224,4196
Georgia,WASHINGTON COUNTY,0.5493326680803293,0.5355741233067477,0.5920385554234212,blue,blue,blue,16034,15798,15977
Georgia,WAYNE COUNTY,0.4486630548759175,0.4608949674677998,0.5637767482903154,red,red,red,22888,22593,22665
Georgia,WEBSTER COUNTY,0.560169891458235,0.5391304347826087,0.6544256120527306,red,red,red,2119,2070,2124
Georgia,WHEELER COUNTY,0.3279684178560583,0.31585274229902327,0.35024524831391785,red,red,red,6586,6655,6524
Georgia,WHITE COUNTY,0.4857354575768803,0.516333304218709,0.5983119977385616,red,red,red,21592,22898,24763
Georgia,WHITFIELD COUNTY,0.3617909161887839,0.4006953157674613,0.4730737045381397,red,red,red,74286,76512,77675
Georgia,WILCOX COUNTY,0.42606209150326796,0.4162237762237762,0.46884824235495853,red,red,red,7344,7150,6998
Georgia,WILKES COUNTY,0.6052631578947368,0.5837345478204294,0.6501616031027796,red,red,red,7866,7685,7735
Georgia,WILKINSON COUNTY,0.6188290919204561,0.61790141251081,0.6879146235938852,red,red,red,7191,6938,6934
Georgia,WORTH COUNTY,0.5135102165294297,0.5203236733157697,0.5881421422689554,red,red,red,16395,15942,15787
Michigan,ALCONA COUNTY,0.6692248656945511,0.6860748284259465,0.7768367795864496,red,red,red,9121,9034,9092
Michigan,ALGER COUNTY,0.5830071960611034,0.5837963561183616,0.662019106635683,red,red,red,7921,7739,7746
Michigan,ALLEGAN COUNTY,0.63336864151761,0.6435039392785872,0.7454963715368459,red,red,red,83078,86691,89983
Michigan,ALPENA COUNTY,0.6008403361344538,0.6340811044003452,0.7347451387986661,red,red,red,23324,23180,23091
Michigan,ANTRIM COUNTY,0.7083042568039079,0.7223315428389087,0.8304175778402583,red,red,red,18629,18803,19206
Michigan,ARENAC COUNTY,0.6254287309563692,0.6208454340109713,0.7242680226359387,red,red,red,12537,12396,12193
Michigan,BARAGA COUNTY,0.49764722657921,0.501508837476649,0.5925708412861548,red,red,red,7013,6959,6811
Michigan,BARRY COUNTY,0.6327563249001331,0.6534028480944482,0.7469626362652908,red,red,red,45060,46417,48068
Michigan,BAY COUNTY,0.636040845020077,0.639340107648862,0.729737912992927,blue,red,red,83927,82862,82568
Michigan,BENZIE COUNTY,0.7133799265076735,0.7169996494917631,0.8385199370768074,red,red,red,13879,14265,14621
Michigan,BERRIEN COUNTY,0.5998775371732601,0.5991847939109096,0.6849790046979587,red,red,red,120853,120215,120265
Michigan,BRANCH COUNTY,0.5154357170769832,0.5317938218823388,0.612630888099997,red,red,red,33267,33214,33521
Michigan,CALHOUN COUNTY,0.5667052068050873,0.5709273134371758,0.6385094125127652,blue,red,red,102923,103169,103798
Michigan,CASS COUNTY,0.5592440631605122,0.5565819292541138,0.6374136757124793,red,red,red,40215,40596,41124
Michigan,CHARLEVOIX COUNTY,0.6815653267547042,0.694515852613539,0.7981595380064792,red,red,red,20673,21006,21299
Michigan,CHEBOYGAN COUNTY,0.6385704005756776,0.6479313776598266,0.7494804458719063,red,red,red,20845,21101,21172
Michigan,CHIPPEWA COUNTY,0.4963643321852277,0.5030922465985287,0.5745179781136008,red,red,red,31356,30722,30704
Michigan,CLARE COUNTY,0.5502852485737572,0.5496305418719212,0.656306687628492,red,red,red,24540,24360,24807
Michigan,CLINTON COUNTY,0.6773413897280967,0.6783181780261951,0.7726796226110797,red,red,red,57925,59935,62005
Michigan,CRAWFORD COUNTY,0.6048823790501553,0.6111259933922671,0.6838625489343193,red,red,red,11265,11199,11495
Michigan,DELTA COUNTY,0.6164617486338798,0.6408372608816191,0.734027416276245,red,red,red,29280,28856,28815
Michigan,DICKINSON COUNTY,0.6153624441562184,0.6445848021934979,0.7230151650312221,red,red,red,20817,20424,20178
Michigan,EATON COUNTY,0.654388227987196,0.654821389053892,0.734525101376435,blue,red,red,83724,85857,87545
Michigan,EMMET COUNTY,0.6890661478599222,0.7139548129865199,0.8164647840653879,red,red,red,25700,26335,27161
Michigan,GENESEE COUNTY,0.6394027330100606,0.6231539916953436,0.7018329422210947,blue,blue,blue,317379,315004,315340
Michigan,GLADWIN COUNTY,0.611864818867007,0.6116423912510421,0.704709970080108,red,red,red,20565,20391,20722
Michigan,GOGEBIC COUNTY,0.5644043805408627,0.5679194110809763,0.7105647726295883,blue,red,red,13423,12905,11633
Michigan,GRAND TRAVERSE COUNTY,0.6835127591706539,0.7052591286278691,0.8079389353938613,red,red,red,70224,73149,74544
Michigan,GRATIOT COUNTY,0.4819802218281283,0.5049374386653582,0.5820273272268038,red,red,red,33269,32608,32861
Michigan,HILLSDALE COUNTY,0.5348941413688809,0.5591385788794796,0.6506663686401609,red,red,red,35708,35662,35791
Michigan,HOUGHTON COUNTY,0.5232486475381771,0.5395959247107581,0.6505274261603375,red,red,red,29206,28955,28440
Michigan,HURON COUNTY,0.5968929493851433,0.6265548732483074,0.736448971439984,red,red,red,25941,25404,25035
Michigan,INGHAM COUNTY,0.5669543324956008,0.565605941670189,0.6152107183454172,blue,blue,blue,225609,231854,234887
Michigan,IONIA COUNTY,0.5297456250385573,0.5421107881136951,0.6383927686482843,red,red,red,48629,49536,50447
Michigan,IOSCO COUNTY,0.632896983494593,0.6359958111195735,0.7329865419490312,red,red,red,21084,21008,20954
Michigan,IRON COUNTY,0.6212907242166424,0.6340521403282909,0.7371335504885993,red,red,red,9638,9321,9210
Michigan,ISABELLA COUNTY,0.4130177920098635,0.43141852286049237,0.5092643901087484,blue,red,red,58397,58857,57748
Michigan,JACKSON COUNTY,0.5613113376063885,0.563187545971112,0.6483731524031792,red,red,red,123721,123719,124689
Michigan,KALAMAZOO COUNTY,0.6213830259493927,0.6183186299948106,0.6887249250634079,blue,blue,blue,198232,204262,208176
Michigan,KALKASKA COUNTY,0.622533943440102,0.6510650843959608,0.7411280764135816,red,red,red,13331,13567,14343
Michigan,KENT COUNTY,0.6401245357220887,0.635555418071581,0.7218368040969013,red,red,blue,457700,484905,499890
Michigan,KEWEENAW COUNTY,0.7811447811447811,0.8006700167504187,0.8587975730832874,red,red,red,1782,1791,1813
Michigan,LAKE COUNTY,0.5565263157894736,0.5374218277183781,0.6386223613776386,blue,red,red,9500,9914,9901
Michigan,LAPEER COUNTY,0.6349872604898452,0.6521701476595315,0.7539171034917361,red,red,red,67899,69281,69822
Michigan,LEELANAU COUNTY,0.8081176604720101,0.8228963363631294,0.9250561121147425,red,red,blue,17542,17933,18267
Michigan,LENAWEE COUNTY,0.5814806147125361,0.5934811254941478,0.6843610160146684,red,red,red,76914,77406,77991
Michigan,LIVINGSTON COUNTY,0.7101118565001697,0.7206818382948597,0.8367230114290602,red,red,red,138481,146897,151981
Michigan,LUCE COUNTY,0.48405743054260675,0.48946669197191117,0.5742441637964026,red,red,red,5363,5269,5226
Michigan,MACKINAC COUNTY,0.668456817185445,0.6785754034501947,0.7709638421804594,red,red,red,9124,8985,9099
Michigan,MACOMB COUNTY,0.6129675727251077,0.6148594353954168,0.714012866762693,blue,red,red,659229,681964,692171
Michigan,MANISTEE COUNTY,0.6157894736842106,0.6257574252508195,0.7204168919915441,blue,red,red,20140,20134,20341
Michigan,MARQUETTE COUNTY,0.5808360546304148,0.605308564925291,0.683477784873643,blue,blue,blue,55427,54478,54805
Michigan,MASON COUNTY,0.6462232842161157,0.6417708242286514,0.742211703958692,red,red,red,22599,22882,23240
Michigan,MECOSTA COUNTY,0.48156373679564934,0.4891028745619783,0.5942511859046758,red,red,red,35121,35101,35416
Michigan,MENOMINEE COUNTY,0.5752580577206657,0.5717926932880204,0.6717109820429478,red,red,red,18988,18832,18767
Michigan,MIDLAND COUNTY,0.6446702075098815,0.6502769023651439,0.7494349419670129,red,red,red,64768,65366,65480
Michigan,MISSAUKEE COUNTY,0.6112560890744607,0.6344953173777316,0.7509006690684509,red,red,red,11496,11532,11658
Michigan,MONROE COUNTY,0.6300037184686827,0.6366927458650745,0.7337728493605126,blue,red,red,115639,116568,118767
Michigan,MONTCALM COUNTY,0.5259228621652363,0.5467003616042078,0.6435734916559692,red,red,red,48355,48672,49856
Michigan,MONTMORENCY COUNTY,0.6317698561601001,0.6393923921368394,0.7371665827881227,red,red,red,7995,7834,7948
Michigan,MUSKEGON COUNTY,0.5910523048269439,0.5892900265636319,0.6907206480153036,blue,blue,blue,128860,132512,133824
Michigan,NEWAYGO COUNTY,0.5890193067134708,0.6120242214532872,0.7140678411780174,red,red,red,36464,36992,38030
Michigan,OAKLAND COUNTY,0.6897363131259137,0.6768314851382302,0.771981469453866,blue,blue,blue,944719,981949,997704
Michigan,OCEANA COUNTY,0.575116781355166,0.5912672845318927,0.6840825063241875,red,red,red,19909,20177,20556
Michigan,OGEMAW COUNTY,0.6023136844552959,0.6108921954949127,0.6963157894736842,red,red,red,17202,17003,17100
Michigan,ONTONAGON COUNTY,0.643220647037441,0.659734257654535,0.76003996003996,red,red,red,5502,5193,5005
Michigan,OSCEOLA COUNTY,0.5801207879437829,0.594208580710205,0.6759320175438597,red,red,red,17717,17854,18240
Michigan,OSCODA COUNTY,0.5866473149492017,0.6085462423427461,0.7333734577189287,red,red,red,6890,6693,6646
Michigan,OTSEGO COUNTY,0.6326257819601133,0.6542475474848675,0.7549756971092351,red,red,red,18703,19164,19545
Michigan,OTTAWA COUNTY,0.6543231855676221,0.6655134469767615,0.7577004821366787,red,red,red,202212,214472,222551
Michigan,PRESQUE ISLE COUNTY,0.6518136623089671,0.6767297956122258,0.7840962496475232,red,red,red,10862,10666,10639
Michigan,ROSCOMMON COUNTY,0.6388548458257758,0.6456579859392019,0.7335515068626972,red,red,red,20399,20198,20473
Michigan,SAGINAW COUNTY,0.638561670150488,0.6248468025624548,0.690471418263449,blue,red,blue,153567,150949,149676
Michigan,SANILAC COUNTY,0.5632243821671675,0.594288360605125,0.6935912489957358,red,red,red,32614,32390,32362
Michigan,SCHOOLCRAFT COUNTY,0.5993485342019544,0.6279667422524565,0.7079976126529394,red,red,red,6754,6615,6702
Michigan,SHIAWASSEE COUNTY,0.6306928838951311,0.6349894823060742,0.7270772311000705,blue,red,red,53400,53719,53942
Michigan,ST. CLAIR COUNTY,0.5974388917972053,0.6227088389321752,0.7276039485019244,red,red,red,124165,125264,126529
Michigan,ST. JOSEPH COUNTY,0.5133613389931159,0.5202110887273365,0.603960824162757,red,red,red,45467,45668,46253
Michigan,TUSCOLA COUNTY,0.610872271947753,0.6120047449584816,0.7068737845429882,red,red,red,42567,42150,41651
Michigan,VAN BUREN COUNTY,0.5785847693554639,0.5798783569474216,0.6712316997731803,blue,red,red,56754,57381,58196
Michigan,WASHTENAW COUNTY,0.6385311706689232,0.6356318972084213,0.721325253387674,blue,blue,blue,281258,296678,299837
Michigan,WAYNE COUNTY,0.6010933994481428,0.5803085228370612,0.6524689820642325,blue,blue,blue,1357235,1340387,1337049
Michigan,WEXFORD COUNTY,0.5981635858402803,0.6047835540620676,0.7055665005601267,red,red,red,24831,25295,25887
North Carolina,ALAMANCE COUNTY,0.5748600508905852,0.5724663915236647,0.6514888947746793,red,red,red,117900,124299,132145
North Carolina,ALEXANDER COUNTY,0.59571814591561,0.6202389843166543,0.6736351531291611,red,red,red,28866,29458,30040
North Carolina,ALLEGHANY COUNTY,0.5733197556008147,0.591015234070944,0.6569358849605362,red,red,red,8838,8993,9249
North Carolina,ANSON COUNTY,0.5420659764026006,0.5228579928599763,0.570889432884537,blue,blue,blue,20765,20168,19608
North Carolina,ASHE COUNTY,0.5773809523809523,0.6172521611182638,0.7035010454201699,red,red,red,21840,21748,22479
North Carolina,AVERY COUNTY,0.5286862905423821,0.5595956855030187,0.6318391342107021,red,red,red,14676,14741,14969
North Carolina,BEAUFORT COUNTY,0.6345198119543317,0.6379723895314748,0.6985850434043909,red,red,red,37225,37522,37669
North Carolina,BERTIE COUNTY,0.615454766536965,0.5878986099754702,0.6272767942736627,blue,blue,blue,16448,15899,15647
North Carolina,BLADEN COUNTY,0.5901475646288694,0.599411786885864,0.656708977259654,blue,red,red,27039,26521,26077
North Carolina,BRUNSWICK COUNTY,0.624429857505198,0.6472203547113354,0.7403834311753356,red,red,red,91863,105607,121795
North Carolina,BUNCOMBE COUNTY,0.6549386071989086,0.6728081813691785,0.755782895260014,blue,blue,blue,194974,206518,213777
North Carolina,BURKE COUNTY,0.5147912323209557,0.5385882125015569,0.6038721906309233,red,red,red,70988,72263,73860
North Carolina,CABARRUS COUNTY,0.619144995184115,0.6252697757342591,0.7260346087624333,red,red,red,134970,149198,161462
North Carolina,CALDWELL COUNTY,0.5401303205138174,0.559983965216855,0.6504814556058442,red,red,red,64303,64859,65842
North Carolina,CAMDEN COUNTY,0.6228813559322034,0.6274755577839057,0.7081003925300345,red,red,red,7552,7978,8407
North Carolina,CARTERET COUNTY,0.6448374153488625,0.6694604412155577,0.7420442497870935,red,red,red,55079,56435,57537
North Carolina,CASWELL COUNTY,0.5938458227984291,0.5999024548853845,0.6555513245933743,red,red,red,18589,18453,18383
North Carolina,CATAWBA COUNTY,0.5860939420987925,0.5974533233139828,0.6693759979459364,red,red,red,118754,121099,124631
North Carolina,CHATHAM COUNTY,0.6971080070824316,0.7201279456411739,0.8145857427800406,blue,blue,blue,50830,55336,59661
North Carolina,CHEROKEE COUNTY,0.583749206061156,0.6189333100558659,0.6878167273945638,red,red,red,22042,22912,23877
North Carolina,CHOWAN COUNTY,0.6506849315068494,0.6413487133984028,0.6972411322106772,red,red,red,11534,11270,11164
North Carolina,CLAY COUNTY,0.6499251238336597,0.6757364515403643,0.7370615911035072,red,red,red,8681,8894,9352
North Carolina,CLEVELAND COUNTY,0.5762378343881296,0.5914446856961288,0.6706577433859667,red,red,red,75212,75532,76504
North Carolina,COLUMBUS COUNTY,0.5447375516807478,0.5380551839844016,0.6008679253856815,red,red,red,44504,44107,44013
North Carolina,CRAVEN COUNTY,0.5693533270852859,0.5871748744471929,0.6601191734982025,red,red,red,81092,80046,80387
North Carolina,CUMBERLAND COUNTY,0.521517963301178,0.5081236176699145,0.5824147552987275,blue,blue,blue,244749,250935,252655
North Carolina,CURRITUCK COUNTY,0.609642972710603,0.6376906427744501,0.744959630911188,red,red,red,18542,19867,21675
North Carolina,DARE COUNTY,0.653172468929428,0.6778787983544785,0.8053709119914916,red,red,red,27518,28927,30088
North Carolina,DAVIDSON COUNTY,0.5665146590210282,0.5876036171816127,0.6742125909281335,red,red,red,125213,127392,131285
North Carolina,DAVIE COUNTY,0.6467864071593967,0.6622427858273469,0.7466151440960443,red,red,red,31958,32852,33901
North Carolina,DUPLIN COUNTY,0.4620770128354726,0.466014211020244,0.5074843610366399,red,red,red,44564,44754,44760
North Carolina,DURHAM COUNTY,0.6667499716005907,0.645429855274961,0.703258817413194,blue,blue,blue,220075,241907,255829
North Carolina,EDGECOMBE COUNTY,0.6370485840478046,0.6064135679126663,0.6384572975140337,blue,blue,blue,42339,41038,39904
North Carolina,FORSYTH COUNTY,0.6399642644431209,0.627306948109059,0.6813179373123314,blue,blue,blue,271998,284250,295401
North Carolina,FRANKLIN COUNTY,0.6059551760939168,0.6049884452944457,0.6851478248110924,red,red,red,46850,50196,54524
North Carolina,GASTON COUNTY,0.5691685432838074,0.577434595416739,0.6627303816934058,red,red,red,158974,166999,174276
North Carolina,GATES COUNTY,0.5826584602094806,0.5887748416684866,0.6469122426868906,blue,red,red,9261,9158,9230
North Carolina,GRAHAM COUNTY,0.5767938038871839,0.6190405465617109,0.6893749076400177,red,red,red,6843,6733,6767
North Carolina,GRANVILLE COUNTY,0.5862338241856314,0.5887936972619252,0.657497190894336,blue,red,red,44820,46456,48058
North Carolina,GREENE COUNTY,0.5006382590723968,0.48574857485748574,0.5184198057332385,red,red,red,16451,16665,16884
North Carolina,GUILFORD COUNTY,0.6583913435901692,0.6328910066803864,0.6801979724560061,blue,blue,blue,385564,406713,418240
North Carolina,HALIFAX COUNTY,0.624033882893446,0.6184297825285662,0.6539311010129217,blue,blue,blue,41791,40695,39391
North Carolina,HARNETT COUNTY,0.48948644230227184,0.48125744374098917,0.5772155658976136,red,red,red,88695,95718,100990
North Carolina,HAYWOOD COUNTY,0.5884184177867525,0.624025182778229,0.716959660963742,red,red,red,47541,49240,50968
North Carolina,HENDERSON COUNTY,0.609287234413704,0.63569906572693,0.716294224261663,red,red,red,85989,91515,95451
North Carolina,HERTFORD COUNTY,0.5557082506235048,0.5219039811446431,0.5510130058552256,blue,blue,blue,19647,19517,19299
North Carolina,HOKE COUNTY,0.4800415742015225,0.476900538900225,0.5371878258279132,blue,blue,blue,35599,38226,40282
North Carolina,HYDE COUNTY,0.5130247578040904,0.5122276567363273,0.6081015129331381,red,red,red,4645,4498,4098
North Carolina,IREDELL COUNTY,0.6220421129800839,0.6252944072096633,0.7279819090760402,red,red,red,122765,132045,140623
North Carolina,JACKSON COUNTY,0.49822499328778974,0.5291988348745793,0.5835353067726914,red,red,red,33521,35361,36721
North Carolina,JOHNSTON COUNTY,0.6036997677805329,0.6085241117470391,0.7111600728039085,red,red,red,127035,141176,156585
North Carolina,JONES COUNTY,0.6496894409937888,0.6641231246766683,0.717159916926272,red,red,red,8050,7732,7704
North Carolina,LEE COUNTY,0.5525439956232333,0.5576080915860843,0.6154107264086898,red,red,red,43868,44985,47136
North Carolina,LENOIR COUNTY,0.6203971637472112,0.6052197864222337,0.6542385371807568,red,red,red,45271,44293,43423
North Carolina,LINCOLN COUNTY,0.604354971240756,0.6284229368169828,0.7386916932672364,red,red,red,60850,63688,67981
North Carolina,MACON COUNTY,0.6165801214071528,0.638809841144051,0.70892002734108,red,red,red,27346,27761,29260
North Carolina,MADISON COUNTY,0.5990049161878813,0.6470486908589802,0.7289146552204694,red,red,red,16883,17416,17939
North Carolina,MARTIN COUNTY,0.6735878187722941,0.652415748718508,0.6998939554612937,blue,red,red,18783,18338,17917
North Carolina,MCDOWELL COUNTY,0.5113289637247147,0.5581924394764928,0.6282054783297375,red,red,red,35396,35606,36617
North Carolina,MECKLENBURG COUNTY,0.6185419276075834,0.5898414306171632,0.66549345776624,blue,blue,blue,725739,801668,852079
North Carolina,MITCHELL COUNTY,0.6242463220516119,0.6619246177745074,0.739308201815357,red,red,red,12439,12231,12229
North Carolina,MONTGOMERY COUNTY,0.535804589475693,0.5488703923900119,0.6042038935389824,red,red,red,20961,21025,21266
North Carolina,MOORE COUNTY,0.6539442354565563,0.6480342835848705,0.7354149858814037,red,red,red,70977,75138,79328
North Carolina,NASH COUNTY,0.6623594814986818,0.6538408779149519,0.7086151969091032,blue,red,blue,73211,72900,73765
North Carolina,NEW HANOVER COUNTY,0.6173919260283113,0.613463805059891,0.6873396867766355,red,red,blue,167848,182415,191812
North Carolina,NORTHAMPTON COUNTY,0.6285647498831229,0.5978267467977904,0.6267046863377138,blue,blue,blue,17112,16473,16132
North Carolina,ONSLOW COUNTY,0.35796806926214103,0.392923457808954,0.4836852078771687,red,red,red,143686,145410,149343
North Carolina,ORANGE COUNTY,0.7006124665699134,0.7197867039643341,0.7087513028976443,blue,blue,blue,109557,114395,119925
North Carolina,PAMLICO COUNTY,0.6275638051044083,0.6397839448686906,0.7062471078204535,red,red,red,10775,10738,10805
North Carolina,PASQUOTANK COUNTY,0.5773731704983898,0.5678137651821862,0.6404338869576413,blue,blue,blue,31361,30628,31068
North Carolina,PENDER COUNTY,0.5874871254401303,0.6106828435022557,0.696502099555628,red,red,red,41749,45662,49058
North Carolina,PERQUIMANS COUNTY,0.6102192459407394,0.6187050359712231,0.6830336771013964,red,red,red,10901,10842,10957
North Carolina,PERSON COUNTY,0.6273106346652658,0.6353036437246964,0.6981282484614649,red,red,red,30457,30875,31361
North Carolina,PITT COUNTY,0.5859893437567345,0.5805839942321558,0.6146940322603288,blue,blue,blue,134569,138700,142466
North Carolina,POLK COUNTY,0.6258056743569664,0.6433656957928803,0.7070603043826524,red,red,red,16601,16995,17478
North Carolina,RANDOLPH COUNTY,0.5615935326328252,0.5873925501432665,0.6563535120230614,red,red,red,108112,109935,111702
North Carolina,RICHMOND COUNTY,0.5513060760931289,0.5578710385037233,0.6015471085873219,blue,red,red,35220,34646,34516
North Carolina,ROBESON COUNTY,0.43029477185740334,0.4111496855345912,0.4794310388620777,blue,red,red,99806,99375,98425
North Carolina,ROCKINGHAM COUNTY,0.5762479429511794,0.583821254971277,0.6576655891051654,red,red,red,72920,72416,72695
North Carolina,ROWAN COUNTY,0.5892164835372657,0.596346084362464,0.6629518915550578,red,red,red,105754,107939,110729
North Carolina,RUTHERFORD COUNTY,0.5453336373309013,0.578543476185931,0.6444723147766838,red,red,red,52632,52385,53422
North Carolina,SAMPSON COUNTY,0.5482729005634805,0.5440429728482101,0.5952039267070153,red,red,red,47739,47658,48081
North Carolina,SCOTLAND COUNTY,0.5162843283854262,0.5119458942880247,0.5514500055984772,blue,blue,red,27419,27206,26793
North Carolina,STANLY COUNTY,0.6097157052166713,0.6297918026229923,0.6886692910190333,red,red,red,47099,47503,49282
North Carolina,STOKES COUNTY,0.5864210926056529,0.6091795661452846,0.691963925158164,red,red,red,36866,37017,37145
North Carolina,SURRY COUNTY,0.5210764551948511,0.5706082518077414,0.6449103166640263,red,red,red,56556,56424,56811
North Carolina,SWAIN COUNTY,0.5295368401590089,0.5575890011836474,0.6346412858040765,red,red,red,10817,10983,11137
North Carolina,TRANSYLVANIA COUNTY,0.6152236943516718,0.6378141062250143,0.7011924808412661,red,red,red,27247,28016,29099
North Carolina,TYRRELL COUNTY,0.5304968759297828,0.5349123346662565,0.5526155717761557,red,red,red,3361,3251,3288
North Carolina,UNION COUNTY,0.6447678296736955,0.6462716040325489,0.7417844362911628,red,red,red,146918,163569,176616
North Carolina,VANCE COUNTY,0.6134431534049125,0.5889445754716981,0.6159509562360671,blue,blue,blue,33995,33920,34092
North Carolina,WAKE COUNTY,0.6854627673741216,0.666366924646877,0.7441567389627292,blue,blue,blue,709633,791792,849055
North Carolina,WARREN COUNTY,0.6058546473499076,0.6066695432410775,0.6353703703703704,blue,blue,blue,16773,16223,16200
North Carolina,WASHINGTON COUNTY,0.6559345983044005,0.639655530192986,0.6690748328660772,blue,blue,blue,9908,9638,9274
North Carolina,WATAUGA COUNTY,0.6145817140065292,0.6362999745352687,0.6572559259108155,red,blue,blue,45029,47124,49022
North Carolina,WAYNE COUNTY,0.5453348342289149,0.5357848784973628,0.5906243685593049,red,red,red,94166,94607,94031
North Carolina,WILKES COUNTY,0.54125578026631,0.5772465692784418,0.649227502379732,red,red,red,53847,54216,54628
North Carolina,WILSON COUNTY,0.6324837468059643,0.6113337608207758,0.6442964696950525,blue,blue,blue,61834,62380,63224
North Carolina,YADKIN COUNTY,0.5684868977176669,0.5957072840966706,0.6674148269739707,red,red,red,29575,29585,29851
North Carolina,YANCEY COUNTY,0.6658916367223279,0.6966983771684387,0.7679610336896225,red,red,red,14193,14296,14782
Ohio,ADAMS COUNTY,0.5203660253402158,0.5394149491879571,0.5639240206527403,red,red,red,21310,21058,21111
Ohio,ALLEN COUNTY,0.5992520995875367,0.5778863467519548,0.5880749185254696,red,red,red,80492,79417,78859
Ohio,ASHLAND COUNTY,0.595025556995769,0.5959767329132332,0.6226700978859521,red,red,red,40889,41260,41579
Ohio,ASHTABULA COUNTY,0.5579250123079315,0.5360028330098106,0.5687744587774893,blue,red,red,77186,76244,75893
Ohio,ATHENS COUNTY,0.5057458644415166,0.5206634953756919,0.44386021389991775,blue,blue,blue,54648,56549,55914
Ohio,AUGLAIZE COUNTY,0.6790553282850262,0.6820333698978119,0.7304367869079175,red,red,red,34467,34642,34708
Ohio,BELMONT COUNTY,0.5610679559876993,0.56098923878364,0.5970387787717912,red,red,red,56257,55477,54437
Ohio,BROWN COUNTY,0.5759258709275044,0.5847250387689371,0.614635894067417,red,red,red,33671,33532,33493
Ohio,BUTLER COUNTY,0.6089145220555351,0.6031176058341486,0.6193888970145548,red,red,red,279499,288234,293993
Ohio,CARROLL COUNTY,0.5987629238340332,0.6003581760573081,0.6546282815948904,red,red,red,22149,21777,21293
Ohio,CHAMPAIGN COUNTY,0.611404294865412,0.604857839697972,0.6399404367968233,red,red,red,30129,29931,30220
Ohio,CLARK COUNTY,0.6083979095332492,0.5907997999538355,0.6037357342368717,red,red,red,105431,103976,104183
Ohio,CLERMONT COUNTY,0.6425353560297131,0.6384523226753923,0.6791232347797744,red,red,red,149833,155252,159541
Ohio,CLINTON COUNTY,0.5722215213826164,0.5830471433031533,0.6152588387733695,red,red,red,31708,32030,32414
Ohio,COLUMBIANA COUNTY,0.5484677774734109,0.5616801410248617,0.6036092556371554,red,red,red,83963,82255,81291
Ohio,COSHOCTON COUNTY,0.5592708407362661,0.5563425627817128,0.5856450744661762,red,red,red,28142,27954,27865
Ohio,CRAWFORD COUNTY,0.5974476558257407,0.5857617003136324,0.6210024600246002,red,red,red,33146,32841,32520
Ohio,CUYAHOGA COUNTY,0.6521729448050864,0.6102843004575449,0.6155878710032571,blue,blue,blue,987899,989411,980955
Ohio,DARKE COUNTY,0.6414069996464825,0.6487284576025253,0.6821488958344007,red,red,red,39602,39283,39034
Ohio,DEFIANCE COUNTY,0.6218504539426706,0.620485009720659,0.6452609773491358,red,red,red,29409,29319,29447
Ohio,DELAWARE COUNTY,0.7596824688661031,0.722831193235202,0.8002464182272079,red,red,red,130003,143685,155021
Ohio,ERIE COUNTY,0.6563343215963223,0.6310963321241435,0.6668128605647583,blue,red,red,60038,59544,59282
Ohio,FAIRFIELD COUNTY,0.6548540689855704,0.6292764179928885,0.6804085887012716,red,red,red,110052,115868,119925
Ohio,FAYETTE COUNTY,0.5055509679787137,0.5105429264053424,0.5622798591098302,red,red,red,21798,21863,21861
Ohio,FRANKLIN COUNTY,0.6244277730995943,0.595955452550403,0.5975691872934071,blue,blue,blue,914410,975140,1011349
Ohio,FULTON COUNTY,0.6685317323106906,0.660227696901829,0.690847142635899,red,red,red,31813,32148,32285
Ohio,GALLIA COUNTY,0.5327158144059553,0.5561242043695166,0.5785689535689535,red,red,red,23643,23252,23088
Ohio,GEAUGA COUNTY,0.725110194795962,0.6954892977007813,0.761310688980177,red,red,red,70330,71807,72542
Ohio,GREENE COUNTY,0.6441483493168123,0.6238796414852753,0.645700274997578,red,red,red,129613,131208,134183
Ohio,GUERNSEY COUNTY,0.5486523526724532,0.5434226073257188,0.5875288683602772,red,red,red,30646,30468,30310
Ohio,HAMILTON COUNTY,0.6808439400120601,0.6567358490263154,0.662399073618756,blue,blue,blue,615257,622943,630410
Ohio,HANCOCK COUNTY,0.6145766972571842,0.6133035957504767,0.6436989873674942,red,red,red,58079,58736,59054
Ohio,HARDIN COUNTY,0.512283445125715,0.5103786117568914,0.5377558221594919,red,red,red,24301,24088,24089
Ohio,HARRISON COUNTY,0.5808996990157,0.5884455527847049,0.6285618504860878,red,red,red,12293,12030,11932
Ohio,HENRY COUNTY,0.6784863216089982,0.6678811121764142,0.6977069081799788,red,red,red,20982,20860,20758
Ohio,HIGHLAND COUNTY,0.5510796700750672,0.5674979295113647,0.5853702917450112,red,red,red,32371,32601,32974
Ohio,HOCKING COUNTY,0.5663685311262404,0.5819846774559136,0.6145188265605931,red,red,red,22473,22059,22123
Ohio,HOLMES COUNTY,0.4039922955699527,0.37137577691920043,0.41923947636077297,red,red,red,28555,29765,30479
Ohio,HURON COUNTY,0.5588588520541117,0.561893341177003,0.6013457066088645,red,red,red,44131,44197,44289
Ohio,JACKSON COUNTY,0.5373032444587215,0.5534314121736319,0.5739997567797641,red,red,red,24904,24742,24669
Ohio,JEFFERSON COUNTY,0.6014623233480657,0.5982313708733535,0.6179177397364036,red,red,red,54981,53827,52808
Ohio,KNOX COUNTY,0.6107310356697216,0.610881601362862,0.6369537714913827,red,red,red,46482,46960,48217
Ohio,LAKE COUNTY,0.6570042947985217,0.6369923065120663,0.6907939257775492,red,red,red,180218,182492,184715
Ohio,LAWRENCE COUNTY,0.5395588788169932,0.5629919593736775,0.5884712747243317,red,red,red,47878,47260,46614
Ohio,LICKING COUNTY,0.6398132207626819,0.6282623548166705,0.6744699906037115,red,red,red,127209,131730,136224
Ohio,LOGAN COUNTY,0.6168145208357652,0.6266449757429625,0.6530350892171092,red,red,red,34268,34423,35139
Ohio,LORAIN COUNTY,0.6190146961598126,0.590941768511862,0.6258763911871876,blue,blue,red,231421,237861,242329
Ohio,LUCAS COUNTY,0.6283905372847005,0.5937640885073846,0.5906690380892071,blue,blue,blue,334534,332718,330041
Ohio,MADISON COUNTY,0.5200083120584219,0.5042433433462626,0.5415346659564327,red,red,red,33686,34289,35669
Ohio,MAHONING COUNTY,0.650515060354027,0.6270304437142749,0.6350492055608015,blue,blue,red,186483,183519,183211
Ohio,MARION COUNTY,0.5240248294888498,0.5091985375195868,0.5278356132396723,red,red,red,52196,51693,51391
Ohio,MEDINA COUNTY,0.6910061045228273,0.670170085739642,0.7431315055397413,red,red,red,131378,136343,140169
Ohio,MEIGS COUNTY,0.558543784847491,0.5505624172915747,0.5947246184472462,red,red,red,18294,18136,18084
Ohio,MERCER COUNTY,0.7177507538354485,0.7181436551746935,0.7668086500655308,red,red,red,30179,30253,30520
Ohio,MIAMI COUNTY,0.6604188654772956,0.6558792069849009,0.6898526111481773,red,red,red,78641,80402,82435
Ohio,MONROE COUNTY,0.5923144104803494,0.6102927968385127,0.6464184429603879,red,red,red,11450,11134,10931
Ohio,MONTGOMERY COUNTY,0.6441731742483622,0.6250901452488009,0.6312400597619162,blue,red,blue,413364,413222,414980
Ohio,MORGAN COUNTY,0.5308791684711996,0.5563903281519862,0.5825883169863727,red,red,red,11545,11580,11521
Ohio,MORROW COUNTY,0.6190330477356181,0.6228780065494787,0.6609556513479945,red,red,red,26144,26567,27374
Ohio,MUSKINGUM COUNTY,0.5655270220812493,0.5586245431755716,0.5944861254623598,red,red,red,65576,66218,66777
Ohio,NOBLE COUNTY,0.49336246009074103,0.5107883112470268,0.5298329355608592,red,red,red,11902,11772,11732
Ohio,OTTAWA COUNTY,0.6810833763003852,0.676326443639463,0.7075977586310779,blue,red,red,32971,32851,33194
Ohio,PAULDING COUNTY,0.6269230769230769,0.6294440965699576,0.6479641807751504,red,red,red,14560,14373,14294
Ohio,PERRY COUNTY,0.5550040743758797,0.5475425399839334,0.585114462406423,red,red,red,26998,27386,27651
Ohio,PICKAWAY COUNTY,0.5560857538035962,0.5502434902492718,0.5992918585454862,red,red,red,43380,44971,46036
Ohio,PIKE COUNTY,0.5393786968469098,0.5547305501074064,0.5667105139528329,red,red,red,21471,21414,21286
Ohio,PORTAGE COUNTY,0.5906565950029052,0.5788057318788248,0.6127772700839079,blue,red,red,129075,131545,132407
Ohio,PREBLE COUNTY,0.6315245639853462,0.6485131342436379,0.6736689833013617,red,red,red,31937,31711,31799
Ohio,PUTNAM COUNTY,0.7235634673703281,0.7419252816762206,0.7790711485924694,red,red,red,25391,25295,25257
Ohio,RICHLAND COUNTY,0.6037702294149031,0.581800172809846,0.6165346295068859,red,red,red,95591,94902,95049
Ohio,ROSS COUNTY,0.4995848279527036,0.5030717514779182,0.5372282338925841,red,red,red,60216,60389,60438
Ohio,SANDUSKY COUNTY,0.6294149571258005,0.6144744626306449,0.6457670622819911,blue,red,red,46065,45639,45583
Ohio,SCIOTO COUNTY,0.5082282713290819,0.5159387255723528,0.5276182732862442,red,red,red,61313,59666,59037
Ohio,SENECA COUNTY,0.5844032664769704,0.5562460867750388,0.5861398513992084,red,red,red,43227,43123,43203
Ohio,SHELBY COUNTY,0.6621167984463865,0.6528255190430359,0.6757583203647582,red,red,red,36045,36365,36627
Ohio,STARK COUNTY,0.6231462055372613,0.5996530177871158,0.636809950562599,blue,red,red,291227,292234,291682
Ohio,SUMMIT COUNTY,0.6354131558585202,0.6057707886697552,0.6389394151392193,blue,blue,blue,421318,425869,428820
Ohio,TRUMBULL COUNTY,0.6257859313671207,0.600808343708746,0.6244929520332624,blue,red,red,162546,159833,157776
Ohio,TUSCARAWAS COUNTY,0.5862224413608509,0.5790477526120188,0.6027663530339737,red,red,red,70985,71305,70996
Ohio,UNION COUNTY,0.6597084247193911,0.6584013442150745,0.7374023174346538,red,red,red,38755,41660,44532
Ohio,VAN WERT COUNTY,0.6402253208975898,0.6373229658428214,0.678471102924246,red,red,red,21658,21606,21715
Ohio,VINTON COUNTY,0.5396841066140178,0.5455086258179654,0.5753050268423622,red,red,red,10130,10086,10245
Ohio,WARREN COUNTY,0.6965699870731309,0.6925230167775921,0.742619734304813,red,red,red,159358,169333,177873
Ohio,WASHINGTON COUNTY,0.6034119500071594,0.614636758738594,0.6526631033837323,red,red,red,48887,48549,48083
Ohio,WAYNE COUNTY,0.5909090909090909,0.5661446563021679,0.606713780918728,red,red,red,86416,88057,87730
Ohio,WILLIAMS COUNTY,0.6161823560118322,0.60896488635564,0.6444021700838442,red,red,red,28735,28422,28386
Ohio,WOOD COUNTY,0.6297379538538804,0.6238340863697183,0.6311660160558599,blue,red,red,101547,103138,104261
Ohio,WYANDOT COUNTY,0.616407206576876,0.623352165725047,0.6595126578526116,red,red,red,17151,16992,16867
Pennsylvania,ADAMS COUNTY,0.5331583639948263,0.5864722009533925,0.6844042027792573,red,red,red,79633,80974,82612
Pennsylvania,ALLEGHENY COUNTY,0.6263382208873715,0.6533986349378325,0.7273909721548463,blue,blue,blue,993203,994973,989472
Pennsylvania,ARMSTRONG COUNTY,0.5424989920463292,0.5907256557805844,0.6942009890970193,red,red,red,54566,53524,52371
Pennsylvania,BEAVER COUNTY,0.5912554093470578,0.6224888829299904,0.6937944681943836,red,red,red,136107,134253,132398
Pennsylvania,BEDFORD COUNTY,0.5540461173105896,0.6081195811572204,0.7121384297520661,red,red,red,39161,38869,38720
Pennsylvania,BERKS COUNTY,0.5364933269075091,0.569058558026472,0.627099199375122,red,red,red,317469,321698,327744
Pennsylvania,BLAIR COUNTY,0.5010521486770851,0.5588872942685272,0.6542089724202491,red,red,red,100271,98247,97209
Pennsylvania,BRADFORD COUNTY,0.47921610342852466,0.5403905576692661,0.6391785350966429,red,red,red,48884,47573,47184
Pennsylvania,BUCKS COUNTY,0.6586862224483849,0.6948714688495872,0.7902143087913271,blue,blue,blue,487358,495483,501426
Pennsylvania,BUTLER COUNTY,0.61655166709174,0.6554068652604856,0.7496851176665562,red,red,red,145073,148108,150850
Pennsylvania,CAMBRIA COUNTY,0.5301299793294327,0.582081287607516,0.6702311534881954,red,red,red,114172,108356,105298
Pennsylvania,CAMERON COUNTY,0.5188006881297617,0.5603691361189439,0.6648456705818082,red,red,red,4069,3901,3661
Pennsylvania,CARBON COUNTY,0.49524712988596986,0.5629768752200962,0.6482448869441179,red,red,red,51653,51114,51877
Pennsylvania,CENTRE COUNTY,0.530225261586731,0.5540857163646947,0.5602200598585949,blue,blue,blue,131314,137430,138326
Pennsylvania,CHESTER COUNTY,0.6557288738991943,0.6771582529921678,0.7726866229018436,red,blue,blue,384264,396953,407024
Pennsylvania,CLARION COUNTY,0.5078279421453895,0.5612277557291,0.6238358882452716,red,red,red,31873,31244,31247
Pennsylvania,CLEARFIELD COUNTY,0.48727211755380767,0.5247033606369135,0.6028444197907518,red,red,red,65604,65315,64899
Pennsylvania,CLINTON COUNTY,0.42087061361761535,0.4966928016003614,0.5695957082377274,red,red,red,31518,30993,30943
Pennsylvania,COLUMBIA COUNTY,0.46751327385188024,0.5196134376438104,0.57062589834052,red,red,red,54807,54325,53571
Pennsylvania,CRAWFORD COUNTY,0.5153642268371538,0.5506322607175902,0.6238248704201506,red,red,red,68666,68089,67333
Pennsylvania,CUMBERLAND COUNTY,0.5822998991087943,0.6169599691563136,0.700608105767851,red,red,red,190304,197123,202103
Pennsylvania,DAUPHIN COUNTY,0.5938796034672669,0.6156712205035565,0.6831713004816943,blue,blue,blue,208810,212568,215697
Pennsylvania,DELAWARE COUNTY,0.6597236019535455,0.6786650796473899,0.7415294096364837,blue,blue,blue,432854,438558,442236
Pennsylvania,ELK COUNTY,0.5262153674921493,0.5888643970936402,0.6993753361188102,red,red,red,25157,24498,24173
Pennsylvania,ERIE COUNTY,0.5419609814044867,0.5718255289243971,0.6444535334160744,blue,red,blue,218870,216288,212712
Pennsylvania,FAYETTE COUNTY,0.4473516743984432,0.5040073491502545,0.583448104365125,red,red,red,108427,106679,104556
Pennsylvania,FOREST COUNTY,0.3444063756889617,0.36751875095668146,0.4090909090909091,red,red,red,6713,6533,6468
Pennsylvania,FRANKLIN COUNTY,0.5440009659169311,0.5869563387513573,0.6687279078815572,red,red,red,115952,118801,120801
Pennsylvania,FULTON COUNTY,0.5372008324661811,0.5838578942830043,0.6844272844272844,red,red,red,11532,11597,11655
Pennsylvania,GREENE COUNTY,0.47203185170680767,0.5268892676894281,0.6046543463381245,red,red,red,30642,29919,29220
Pennsylvania,HUNTINGDON COUNTY,0.4758937002563065,0.5334307833901792,0.6123918534042667,red,red,red,37065,36942,37218
Pennsylvania,INDIANA COUNTY,0.5049913797897781,0.5424619759576027,0.5970378528780941,red,red,red,71924,69627,69004
Pennsylvania,JEFFERSON COUNTY,0.5136669410462377,0.5621194193529768,0.667192843988424,red,red,red,35231,34651,34209
Pennsylvania,JUNIATA COUNTY,0.5043906051629284,0.551429475683089,0.6265542895791062,red,red,red,18904,18958,19221
Pennsylvania,LACKAWANNA COUNTY,0.5732843581660048,0.6153589931181338,0.6922721628706309,blue,blue,blue,170971,168123,166709
Pennsylvania,LANCASTER COUNTY,0.5583246945900968,0.5878816102911953,0.6706705053739509,red,red,red,398399,410137,417849
Pennsylvania,LAWRENCE COUNTY,0.5470904809956273,0.5834025252669854,0.6724950740713712,red,red,red,71352,69854,68515
Pennsylvania,LEBANON COUNTY,0.5424684327091782,0.5799037947621593,0.6535265735732723,red,red,red,104301,106647,109639
Pennsylvania,LEHIGH COUNTY,0.5388735130775857,0.5751763117090982,0.6467406496338123,blue,blue,blue,272795,279902,286192
Pennsylvania,LUZERNE COUNTY,0.48333333333333334,0.529606786098229,0.6018701347643293,blue,red,red,257460,254874,254741
Pennsylvania,LYCOMING COUNTY,0.4998333637937151,0.5541977202981149,0.6571656722046004,red,red,red,93017,91240,90166
Pennsylvania,MCKEAN COUNTY,0.44174146954767407,0.4889288928892889,0.5965240888015476,red,red,red,34201,33330,32567
Pennsylvania,MERCER COUNTY,0.5554730415979556,0.5790493269571378,0.6554028837998304,red,red,red,91567,90336,88425
Pennsylvania,MIFFLIN COUNTY,0.45427049225817195,0.5181481378311373,0.5989081388223497,red,red,red,36038,35899,35902
Pennsylvania,MONROE COUNTY,0.4795685811197073,0.5243959282481543,0.5981961882263733,blue,blue,blue,131195,133014,137154
Pennsylvania,MONTGOMERY COUNTY,0.6569395414810624,0.6781779915533346,0.781927701610122,blue,blue,blue,627455,640963,652435
Pennsylvania,MONTOUR COUNTY,0.5368846839435075,0.5878796207228253,0.6746996271233255,red,red,red,14586,14554,14482
Pennsylvania,NORTHAMPTON COUNTY,0.554401156848859,0.5968692426378543,0.6969518912963643,blue,red,blue,235813,240453,245070
Pennsylvania,NORTHUMBERLAND COUNTY,0.4408516512689816,0.4948183378146492,0.5785771951670065,red,red,red,75336,74011,73081
Pennsylvania,PERRY COUNTY,0.5383316447146235,0.5881306462821404,0.677066739906619,red,red,red,35532,35975,36410
Pennsylvania,PHILADELPHIA COUNTY,0.5721661148017223,0.5758786117994604,0.5973950994049393,blue,blue,blue,1206515,1228785,1241890
Pennsylvania,PIKE COUNTY,0.5231118401833666,0.5819231712483,0.7061758389552919,red,red,red,44501,44853,46099
Pennsylvania,POTTER COUNTY,0.5270358780292556,0.5824167601945379,0.687552150496852,red,red,red,13741,13365,13183
Pennsylvania,SCHUYLKILL COUNTY,0.489120672417007,0.5459937818074445,0.6216394712973644,red,red,red,118022,115146,113561
Pennsylvania,SNYDER COUNTY,0.4812961180622393,0.5129949525033702,0.5977140715757916,red,red,red,31170,31897,32022
Pennsylvania,SOMERSET COUNTY,0.5428461759907879,0.583877391134034,0.6631463947560088,red,red,red,62526,61268,60412
Pennsylvania,SULLIVAN COUNTY,0.5383351588170865,0.5823584029712163,0.6623065585851142,red,red,red,5478,5385,5428
Pennsylvania,SUSQUEHANNA COUNTY,0.5264171310208011,0.5643549545236956,0.6464990422912043,red,red,red,34277,33424,32891
Pennsylvania,TIOGA COUNTY,0.501977918167326,0.5545971793474971,0.6482620732082436,red,red,red,33874,33042,32510
Pennsylvania,UNION COUNTY,0.4401396066123752,0.4681101940186515,0.5435605037021024,red,red,red,36961,37316,37006
Pennsylvania,VENANGO COUNTY,0.516039668497998,0.5558650572578149,0.6471506635441062,red,red,red,42956,42003,40992
Pennsylvania,WARREN COUNTY,0.5244505078065788,0.5723245055729765,0.6529024914632604,red,red,red,32985,32209,31628
Pennsylvania,WASHINGTON COUNTY,0.5700482510498514,0.6090934743844524,0.7039272024905674,red,red,red,166214,166559,166709
Pennsylvania,WAYNE COUNTY,0.5058765686458139,0.5640278984571307,0.6532933296120569,red,red,red,42712,42583,42996
Pennsylvania,WESTMORELAND COUNTY,0.5788032904392941,0.6306587498441115,0.7173508476180129,red,red,red,292970,288668,285329
Pennsylvania,WYOMING COUNTY,0.5296689569019363,0.5964784897440552,0.687997777366179,red,red,red,22414,22036,21596
Pennsylvania,YORK COUNTY,0.5604393977088294,0.5970314506241722,0.6806498662761988,red,red,red,337644,345017,350349
Wisconsin,ADAMS COUNTY,0.596244131455399,0.5972148774898642,0.6802901220354594,blue,red,red,17253,17019,17372
Wisconsin,ASHLAND COUNTY,0.6852746173364983,0.6608230452674897,0.7211372064276885,blue,blue,blue,12217,12150,12135
Wisconsin,BARRON COUNTY,0.634315424610052,0.6399219986434547,0.7129027719150134,red,red,red,35774,35384,35535
Wisconsin,BAYFIELD COUNTY,0.7980432123929881,0.7737718229801056,0.875633496902904,blue,blue,blue,12265,12315,12431
Wisconsin,BROWN COUNTY,0.676808718384831,0.6548221030827343,0.7117840691168621,red,red,red,190494,196968,202324
Wisconsin,BUFFALO COUNTY,0.6721092332664947,0.6742570436125048,0.7535211267605634,blue,red,red,10473,10364,10366
Wisconsin,BURNETT COUNTY,0.6977885002010454,0.7002242511613006,0.7966221523959152,red,red,red,12435,12486,12730
Wisconsin,CALUMET COUNTY,0.720814121627152,0.712509691735957,0.8031127189443823,red,red,red,36653,37403,38423
Wisconsin,CHIPPEWA COUNTY,0.6382469461868604,0.6417446116307443,0.711472229919639,red,red,red,48464,49180,50522
Wisconsin,CLARK COUNTY,0.5679891349082229,0.5582885065495011,0.6062199396755523,red,red,red,24298,24353,24534
Wisconsin,COLUMBIA COUNTY,0.6997777828686628,0.67091089376662,0.7465278542028921,blue,red,red,43651,44374,45433
Wisconsin,CRAWFORD COUNTY,0.6028379733168813,0.6015224483455026,0.6741355248875794,blue,red,red,12967,12874,12898
Wisconsin,DANE COUNTY,0.7699322913370878,0.7365293787834152,0.7899259211735296,blue,blue,blue,395075,420916,436427
Wisconsin,DODGE COUNTY,0.6416199143314536,0.618607791312342,0.6862847762714742,red,red,red,69337,69616,70666
Wisconsin,DOOR COUNTY,0.7777386558690198,0.7721790992413279,0.8681973156100298,blue,red,blue,22721,22803,23171
Wisconsin,DOUGLAS COUNTY,0.6632481603800916,0.6491997116077866,0.7107704719645018,blue,blue,blue,34518,34675,34706
Wisconsin,DUNN COUNTY,0.6284685508530278,0.6225096514216474,0.6449606881626168,blue,red,red,34993,35487,36503
Wisconsin,EAU CLAIRE COUNTY,0.6851178198637414,0.6698357294539774,0.6969243657252274,blue,blue,blue,79995,81938,83560
Wisconsin,FLORENCE COUNTY,0.720955781378742,0.7241755246661216,0.798207495926127,red,red,red,3641,3669,3682
Wisconsin,FOND DU LAC COUNTY,0.6744976191378373,0.6415153295254283,0.7037691835481891,red,red,red,79173,80009,81450
Wisconsin,FOREST COUNTY,0.6415458937198067,0.6315203783558214,0.6987551867219917,blue,red,red,7245,7189,7230
Wisconsin,GRANT COUNTY,0.6030040783845618,0.5891001574421703,0.6221530314545588,blue,red,red,40212,41285,40789
Wisconsin,GREEN COUNTY,0.6872976914594672,0.6667486127695441,0.7429781619970142,blue,blue,blue,28113,28474,28803
Wisconsin,GREEN LAKE COUNTY,0.6602292889313498,0.6498234927666644,0.7218386135932846,red,red,red,14654,14447,14772
Wisconsin,IOWA COUNTY,0.7000279251605697,0.6814897165091718,0.7589149815177213,blue,blue,blue,17905,17990,18396
Wisconsin,IRON COUNTY,0.737012987012987,0.729453483521068,0.8344028151521424,red,red,red,4928,4794,4831
Wisconsin,JACKSON COUNTY,0.5872005044136192,0.5806976889835286,0.6304576701554468,blue,red,red,15860,15967,16147
Wisconsin,JEFFERSON COUNTY,0.6817600960724238,0.6524322934780965,0.714560243117626,red,red,red,64951,66131,67128
Wisconsin,JUNEAU COUNTY,0.5570365486058779,0.5569163581125985,0.6416163318818187,blue,red,red,21232,21066,21357
Wisconsin,KENOSHA COUNTY,0.6439972296743275,0.600846592193578,0.6741589261010353,blue,red,red,125617,128279,131558
Wisconsin,KEWAUNEE COUNTY,0.6968242944630343,0.6756264523017019,0.7523684866616803,red,red,red,15839,15923,16044
Wisconsin,LA CROSSE COUNTY,0.6873686718800771,0.6692315867786163,0.7145507050863178,blue,blue,blue,92326,94090,94882
Wisconsin,LAFAYETTE COUNTY,0.6322149785339481,0.610372022624074,0.6752109787838158,blue,red,red,12578,12553,12679
Wisconsin,LANGLADE COUNTY,0.6747706716274297,0.6623520951820618,0.7223588814085966,red,red,red,15589,15297,15448
Wisconsin,LINCOLN COUNTY,0.6731849754457373,0.6529905421606501,0.7319126312524922,blue,red,red,22603,22521,22571
Wisconsin,MANITOWOC COUNTY,0.6738185210365709,0.6426773710535538,0.7130739237686003,red,red,red,63247,62778,62835
Wisconsin,MARATHON COUNTY,0.6837417788913248,0.6692693540778111,0.7310894748875848,red,red,red,102176,103867,104968
Wisconsin,MARINETTE COUNTY,0.6270408933152256,0.617046818727491,0.7013165531355958,red,red,red,33135,32487,32737
Wisconsin,MARQUETTE COUNTY,0.6624979565146314,0.6516139684636341,0.7198059950703666,blue,red,red,12234,12113,12577
Wisconsin,MENOMINEE COUNTY,0.4670963364993216,0.42294973544973546,0.5212101282472871,blue,blue,blue,2948,3024,3041
Wisconsin,MILWAUKEE COUNTY,0.6850495871561547,0.6085609664055469,0.6371398227139892,blue,blue,blue,719037,723423,720305
Wisconsin,MONROE COUNTY,0.5838727076591155,0.5812475990662215,0.6536159384668768,red,red,red,33372,33841,34583
Wisconsin,OCONTO COUNTY,0.6748564243721752,0.670695269748548,0.7674080918751237,red,red,red,29427,29787,30302
Wisconsin,ONEIDA COUNTY,0.7392536447130322,0.7352256385674176,0.8182280024385288,red,red,red,29289,29206,29526
Wisconsin,OUTAGAMIE COUNTY,0.700695540099109,0.6683136947776868,0.751225166942011,red,red,red,135003,140455,144062
Wisconsin,OZAUKEE COUNTY,0.8285510709991539,0.7881210158858646,0.8745143800429764,red,red,red,67367,69181,70271
Wisconsin,PEPIN COUNTY,0.6498594518622628,0.6551603294200106,0.717753120665742,blue,red,red,5692,5707,5768
Wisconsin,PIERCE COUNTY,0.6587483155222664,0.6474866310160428,0.6875460357679503,red,red,red,31909,32725,33941
Wisconsin,POLK COUNTY,0.6705382604562737,0.6700539012105682,0.7570964309338242,red,red,red,33664,33951,34771
Wisconsin,PORTAGE COUNTY,0.6997722987156224,0.6786665021243588,0.7084133021600307,blue,blue,blue,56214,56723,57314
Wisconsin,PRICE COUNTY,0.6997608714905678,0.6871939053147107,0.7891373801916933,blue,red,red,11291,11026,10955
Wisconsin,RACINE COUNTY,0.7011769494284842,0.6318414305083836,0.7029938379642166,blue,red,red,147415,148982,151411
Wisconsin,RICHLAND COUNTY,0.6269013472403303,0.5870135548753826,0.6674313623917709,blue,red,red,13806,13722,13513
Wisconsin,ROCK COUNTY,0.6658579657044775,0.6179617368698972,0.6776232215447154,blue,blue,blue,121182,123095,125952
Wisconsin,RUSK COUNTY,0.6411948283548818,0.633729768398462,0.698273572377158,red,red,red,11215,11183,11295
Wisconsin,SAUK COUNTY,0.6691888492978412,0.6384392710074611,0.727526342197692,blue,red,blue,47710,49054,49825
Wisconsin,SAWYER COUNTY,0.6854256854256854,0.6976441792871347,0.7830082941044609,blue,red,red,13167,13074,13383
Wisconsin,SHAWANO COUNTY,0.6278133803907,0.615621980488109,0.7114744924923058,red,red,red,32301,32083,32167
Wisconsin,SHEBOYGAN COUNTY,0.7117167264961148,0.6698443710840126,0.7328184128463784,red,red,red,88028,89058,90111
Wisconsin,ST. CROIX COUNTY,0.7420100486379761,0.728762080073631,0.8277639089621747,red,red,red,62297,65190,68499
Wisconsin,TAYLOR COUNTY,0.6182645433864153,0.6140498543217869,0.6852433784390431,red,red,red,15385,15445,15593
Wisconsin,TREMPEALEAU COUNTY,0.6074985354422964,0.6165186420810603,0.6914730776157032,blue,red,red,22191,22181,22212
Wisconsin,VERNON COUNTY,0.6449265536723164,0.6291165014164306,0.6974705186094428,blue,red,red,22125,22592,22811
Wisconsin,VILAS COUNTY,0.7857183402395413,0.7609570661896243,0.8313729741449402,red,red,red,17617,17888,18449
Wisconsin,WALWORTH COUNTY,0.6573866921394635,0.6375572974248767,0.695238555147769,red,red,red,79562,80501,82832
Wisconsin,WASHBURN COUNTY,0.7332228012000631,0.725974129037378,0.8132152374980405,red,red,red,12666,12601,12758
Wisconsin,WASHINGTON COUNTY,0.7772995597322856,0.7496756335957098,0.827906453156221,red,red,red,101302,104049,106599
Wisconsin,WAUKESHA COUNTY,0.8067782927886349,0.768028633759691,0.8397371018337493,red,red,red,302259,311241,318146
Wisconsin,WAUPACA COUNTY,0.7098902180869394,0.6397718612483713,0.7148439420004915,red,red,red,40626,40677,40690
Wisconsin,WAUSHARA COUNTY,0.611356370832699,0.6122875950400571,0.6787769604163539,red,red,red,19707,19597,19983
Wisconsin,WINNEBAGO COUNTY,0.6719134988509211,0.6482433367303673,0.686856291361704,blue,red,red,132715,134431,136902
Wisconsin,WOOD COUNTY,0.6719176425881784,0.6586283802620574,0.7196184952923297,red,red,red,57894,57392,57247
