,state,county,year,state_po,dem,gop,total,POPESTIMATE,POPEST_MALE,POPEST_FEM,UNDER5_TOT,UNDER5_MALE,UNDER5_FEM,AGE513_TOT,AGE513_MALE,AGE513_FEM,AGE1417_TOT,AGE1417_MALE,AGE1417_FEM,AGE1824_TOT,AGE1824_MALE,AGE1824_FEM,AGE16PLUS_TOT,AGE16PLUS_MALE,AGE16PLUS_FEM,AGE18PLUS_TOT,AGE18PLUS_MALE,AGE18PLUS_FEM,AGE1544_TOT,AGE1544_MALE,AGE1544_FEM,AGE2544_TOT,AGE2544_MALE,AGE2544_FEM,AGE4564_TOT,AGE4564_MALE,AGE4564_FEM,AGE65PLUS_TOT,AGE65PLUS_MALE,AGE65PLUS_FEM,AGE04_TOT,AGE04_MALE,AGE04_FEM,AGE59_TOT,AGE59_MALE,AGE59_FEM,AGE1014_TOT,AGE1014_MALE,AGE1014_FEM,AGE1519_TOT,AGE1519_MALE,AGE1519_FEM,AGE2024_TOT,AGE2024_MALE,AGE2024_FEM,AGE2529_TOT,AGE2529_MALE,AGE2529_FEM,AGE3034_TOT,AGE3034_MALE,AGE3034_FEM,AGE3539_TOT,AGE3539_MALE,AGE3539_FEM,AGE4044_TOT,AGE4044_MALE,AGE4044_FEM,AGE4549_TOT,AGE4549_MALE,AGE4549_FEM,AGE5054_TOT,AGE5054_MALE,AGE5054_FEM,AGE5559_TOT,AGE5559_MALE,AGE5559_FEM,AGE6064_TOT,AGE6064_MALE,AGE6064_FEM,AGE6569_TOT,AGE6569_MALE,AGE6569_FEM,AGE7074_TOT,AGE7074_MALE,AGE7074_FEM,AGE7579_TOT,AGE7579_MALE,AGE7579_FEM,AGE8084_TOT,AGE8084_MALE,AGE8084_FEM,AGE85PLUS_TOT,AGE85PLUS_MALE,AGE85PLUS_FEM,MEDIAN_AGE_TOT,MEDIAN_AGE_MALE,MEDIAN_AGE_FEM,Code,bq_nonfamily_households,bq_family_households,bq_median_year_structure_built,bq_rent_burden_not_computed,bq_rent_over_50_percent,bq_rent_40_to_50_percent,bq_rent_35_to_40_percent,bq_rent_30_to_35_percent,bq_rent_25_to_30_percent,bq_rent_20_to_25_percent,bq_rent_15_to_20_percent,bq_rent_10_to_15_percent,bq_rent_under_10_percent,bq_total_pop,bq_male_pop,bq_female_pop,bq_median_age,bq_white_pop,bq_black_pop,bq_asian_pop,bq_hispanic_pop,bq_amerindian_pop,bq_other_race_pop,bq_two_or_more_races_pop,bq_not_hispanic_pop,bq_commuters_by_public_transportation,bq_households,bq_median_income,bq_income_per_capita,bq_housing_units,bq_vacant_housing_units,bq_vacant_housing_units_for_rent,bq_vacant_housing_units_for_sale,bq_median_rent,bq_percent_income_spent_on_rent,bq_owner_occupied_housing_units,bq_million_dollar_housing_units,bq_mortgaged_housing_units,bq_families_with_young_children,bq_two_parent_families_with_young_children,bq_two_parents_in_labor_force_families_with_young_children,bq_two_parents_father_in_labor_force_families_with_young_children,bq_two_parents_mother_in_labor_force_families_with_young_children,bq_two_parents_not_in_labor_force_families_with_young_children,bq_one_parent_families_with_young_children,bq_father_one_parent_families_with_young_children,bq_father_in_labor_force_one_parent_families_with_young_children,bq_commute_10_14_mins,bq_commute_15_19_mins,bq_commute_20_24_mins,bq_commute_25_29_mins,bq_commute_30_34_mins,bq_commute_45_59_mins,bq_aggregate_travel_time_to_work,bq_income_less_10000,bq_income_10000_14999,bq_income_15000_19999,bq_income_20000_24999,bq_income_25000_29999,bq_income_30000_34999,bq_income_35000_39999,bq_income_40000_44999,bq_income_45000_49999,bq_income_50000_59999,bq_income_60000_74999,bq_income_75000_99999,bq_income_100000_124999,bq_income_125000_149999,bq_income_150000_199999,bq_income_200000_or_more,bq_renter_occupied_housing_units_paying_cash_median_gross_rent,bq_owner_occupied_housing_units_lower_value_quartile,bq_owner_occupied_housing_units_median_value,bq_owner_occupied_housing_units_upper_value_quartile,bq_married_households,bq_occupied_housing_units,bq_housing_units_renter_occupied,bq_dwellings_1_units_detached,bq_dwellings_1_units_attached,bq_dwellings_2_units,bq_dwellings_3_to_4_units,bq_dwellings_5_to_9_units,bq_dwellings_10_to_19_units,bq_dwellings_20_to_49_units,bq_dwellings_50_or_more_units,bq_mobile_homes,bq_housing_built_2005_or_later,bq_housing_built_2000_to_2004,bq_housing_built_1939_or_earlier,bq_male_under_5,bq_male_5_to_9,bq_male_10_to_14,bq_male_15_to_17,bq_male_18_to_19,bq_male_20,bq_male_21,bq_male_22_to_24,bq_male_25_to_29,bq_male_30_to_34,bq_male_35_to_39,bq_male_40_to_44,bq_male_45_to_49,bq_male_50_to_54,bq_male_55_to_59,bq_male_60_61,bq_male_62_64,bq_male_65_to_66,bq_male_67_to_69,bq_male_70_to_74,bq_male_75_to_79,bq_male_80_to_84,bq_male_85_and_over,bq_female_under_5,bq_female_5_to_9,bq_female_10_to_14,bq_female_15_to_17,bq_female_18_to_19,bq_female_20,bq_female_21,bq_female_22_to_24,bq_female_25_to_29,bq_female_30_to_34,bq_female_35_to_39,bq_female_40_to_44,bq_female_45_to_49,bq_female_50_to_54,bq_female_55_to_59,bq_female_60_to_61,bq_female_62_to_64,bq_female_65_to_66,bq_female_67_to_69,bq_female_70_to_74,bq_female_75_to_79,bq_female_80_to_84,bq_female_85_and_over,bq_white_including_hispanic,bq_black_including_hispanic,bq_amerindian_including_hispanic,bq_asian_including_hispanic,bq_commute_5_9_mins,bq_commute_35_39_mins,bq_commute_40_44_mins,bq_commute_60_89_mins,bq_commute_90_more_mins,bq_households_retirement_income,bq_armed_forces,bq_civilian_labor_force,bq_employed_pop,bq_unemployed_pop,bq_not_in_labor_force,bq_pop_16_over,bq_pop_in_labor_force,bq_asian_male_45_54,bq_asian_male_55_64,bq_black_male_45_54,bq_black_male_55_64,bq_hispanic_male_45_54,bq_hispanic_male_55_64,bq_white_male_45_54,bq_white_male_55_64,bq_bachelors_degree_2,bq_bachelors_degree_or_higher_25_64,bq_children,bq_children_in_single_female_hh,bq_commuters_by_bus,bq_commuters_by_car_truck_van,bq_commuters_by_carpool,bq_commuters_by_subway_or_elevated,bq_commuters_drove_alone,bq_different_house_year_ago_different_city,bq_different_house_year_ago_same_city,bq_employed_agriculture_forestry_fishing_hunting_mining,bq_employed_arts_entertainment_recreation_accommodation_food,bq_employed_construction,bq_employed_education_health_social,bq_employed_finance_insurance_real_estate,bq_employed_information,bq_employed_manufacturing,bq_employed_other_services_not_public_admin,bq_employed_public_administration,bq_employed_retail_trade,bq_employed_science_management_admin_waste,bq_employed_transportation_warehousing_utilities,bq_employed_wholesale_trade,bq_female_female_households,bq_four_more_cars,bq_gini_index,bq_graduate_professional_degree,bq_group_quarters,bq_high_school_including_ged,bq_households_public_asst_or_food_stamps,bq_in_grades_1_to_4,bq_in_grades_5_to_8,bq_in_grades_9_to_12,bq_in_school,bq_in_undergrad_college,bq_less_than_high_school_graduate,bq_male_45_64_associates_degree,bq_male_45_64_bachelors_degree,bq_male_45_64_graduate_degree,bq_male_45_64_less_than_9_grade,bq_male_45_64_grade_9_12,bq_male_45_64_high_school,bq_male_45_64_some_college,bq_male_45_to_64,bq_male_male_households,bq_management_business_sci_arts_employed,bq_no_car,bq_no_cars,bq_not_us_citizen_pop,bq_occupation_management_arts,bq_occupation_natural_resources_construction_maintenance,bq_occupation_production_transportation_material,bq_occupation_sales_office,bq_occupation_services,bq_one_car,bq_two_cars,bq_three_cars,bq_pop_25_64,bq_pop_determined_poverty_status,bq_population_1_year_and_over,bq_population_3_years_over,bq_poverty,bq_sales_office_employed,bq_some_college_and_associates_degree,bq_walked_to_work,bq_worked_at_home,bq_workers_16_and_over,bq_associates_degree,bq_bachelors_degree,bq_high_school_diploma,bq_less_one_year_college,bq_masters_degree,bq_one_year_more_college,bq_pop_25_years_over,bq_commute_35_44_mins,bq_commute_60_more_mins,bq_commute_less_10_mins,bq_commuters_16_over,bq_hispanic_any_race,bq_pop_5_years_over,bq_speak_only_english_at_home,bq_speak_spanish_at_home,bq_speak_spanish_at_home_low_english,bq_pop_15_and_over,bq_pop_never_married,bq_pop_now_married,bq_pop_separated,bq_pop_widowed,bq_pop_divorced,bq_male_60_to_61,bq_male_62_to_64
1,Arizona,MARICOPA COUNTY,2016,AZ,702907,747361,1567834,4256143,2104920,2151223,280552,143763,136789,527831,268877,258954,235976,120327,115649,399465,205335,194130,3330463,1632532,1697931,3211784,1571953,1639831,1749987,886851,863136,1172645,590716,581929,1024848,498799,526049,614826,277103,337723,280552,143763,136789,291055,148317,142738,294875,150087,144788,290259,148824,141435,287083,147311,139772,320185,163145,157040,297841,150961,146880,283697,142183,141514,270922,134427,136495,276135,137370,138765,267447,131740,135707,257138,124478,132660,224128,105211,118917,207687,96396,111291,152622,70395,82227,107387,49190,58197,72720,32434,40286,74410,28688,45722,36.1,35.0,37.3,AZ,506576.0,959264.0,1989.0,37346.0,129900.0,51059.0,37134.0,49131.0,62545.0,75941.0,73376.0,48306.0,16332.0,4088549.0,2021817.0,2066732.0,35.8,2327125.0,204984.0,153811.0,1238292.0,63011.0,5123.0,88347.0,2850257.0,41658.0,1465840.0,55676.0,28791.0,1680412.0,214572.0,50088.0,21279.0,830.0,29.6,884770.0,8589.0,619284.0,319620.0,201239.0,103486.0,87171.0,6555.0,4027.0,118381.0,30760.0,27105.0,217559.0,263188.0,285823.0,134472.0,283287.0,141270.0,44321570.0,98666.0,64635.0,66663.0,72998.0,73295.0,74166.0,71163.0,73538.0,61664.0,122312.0,148160.0,183119.0,125649.0,75999.0,77182.0,76631.0,989.0,126300.0,204900.0,325800.0,690929.0,1465840.0,581070.0,1084252.0,89318.0,18960.0,64452.0,91457.0,112161.0,50681.0,81916.0,84956.0,9047.0,32166.0,24316.0,141291.0,148237.0,145733.0,87437.0,55689.0,31237.0,29579.0,84831.0,151164.0,144249.0,133671.0,136946.0,131649.0,130015.0,114391.0,41533.0,59810.0,38079.0,50084.0,63605.0,45624.0,30689.0,26274.0,134859.0,141553.0,140986.0,83825.0,51839.0,27982.0,28334.0,82727.0,145252.0,141256.0,133250.0,138660.0,132716.0,134260.0,122394.0,47127.0,68300.0,44351.0,55061.0,75346.0,54165.0,39131.0,43358.0,3214001.0,216064.0,77142.0,157074.0,136106.0,54574.0,77571.0,77752.0,26378.0,252961.0,4287.0,2007842.0,1871139.0,136703.0,1166302.0,3178431.0,2012129.0,9678.0,6426.0,13763.0,9948.0,65782.0,36887.0,166153.0,158430.0,527975.0,660782.0,1023921.0,261556.0,38315.0,1613317.0,199556.0,869.0,1413761.0,395484.0,301528.0,12157.0,187330.0,126789.0,394682.0,183266.0,36593.0,142891.0,92148.0,74536.0,230435.0,245304.0,96421.0,48587.0,4242.0,68282.0,0.4682,299640.0,51345.0,613123.0,180075.0,230379.0,227794.0,232300.0,1091668.0,237520.0,348801.0,40222.0,95575.0,59238.0,31077.0,29877.0,108041.0,113368.0,477398.0,4637.0,691506.0,55700.0,96660.0,370088.0,691506.0,157298.0,178322.0,501412.0,342601.0,549315.0,568745.0,182838.0,2106643.0,4035348.0,4038155.0,3930383.0,666513.0,501412.0,882871.0,28038.0,112862.0,1844233.0,226040.0,527975.0,519033.0,194505.0,216435.0,462326.0,2672410.0,132145.0,104130.0,169497.0,1731371.0,1238292.0,,,,,,,,,,,,
2,Arizona,MARICOPA COUNTY,2020,AZ,1040774,995665,2068144,4485414,2217230,2268184,276119,141004,135115,535002,272707,262295,241317,122966,118351,415938,213070,202868,3552518,1741694,1810824,3432976,1680553,1752423,1839045,933233,905812,1242721,628109,614612,1077986,525456,552530,696331,313918,382413,276119,141004,135115,290204,148110,142094,305729,155509,150220,300164,153774,146390,296160,151350,144810,340955,173724,167231,317424,161835,155589,303640,153024,150616,280702,139526,141176,285146,140646,144500,270492,133706,136786,273909,133431,140478,248439,117673,130766,215853,99508,116345,186626,85650,100976,130836,59375,71461,82694,37230,45464,80322,32155,48167,36.9,35.8,38.1,AZ,524422.0,996345.0,1990.0,35703.0,126988.0,51523.0,37097.0,50057.0,64882.0,78643.0,76597.0,48473.0,17692.0,4253913.0,2104145.0,2149768.0,36.1,2368876.0,220519.0,172890.0,1311091.0,67454.0,6437.0,98309.0,2942822.0,41442.0,1520767.0,61606.0,31697.0,1719157.0,198390.0,40608.0,18435.0,907.0,29.2,933112.0,11542.0,646293.0,320337.0,203453.0,107518.0,87049.0,5562.0,3324.0,116884.0,32122.0,28505.0,224660.0,279024.0,301895.0,148305.0,291151.0,153014.0,47996360.0,89567.0,57241.0,59733.0,68545.0,67966.0,71180.0,69221.0,71702.0,61981.0,124907.0,156855.0,195265.0,140058.0,90263.0,94440.0,101843.0,1079.0,159900.0,242700.0,367200.0,722647.0,1520767.0,587655.0,1110357.0,90579.0,17889.0,65486.0,89144.0,107068.0,52309.0,96131.0,87453.0,36658.0,48487.0,23081.0,143012.0,146875.0,152091.0,90124.0,57609.0,31028.0,29661.0,87244.0,162034.0,151191.0,139495.0,138570.0,136392.0,131734.0,122364.0,,,39118.0,54883.0,72048.0,51342.0,32358.0,27528.0,136149.0,141477.0,146079.0,86438.0,54079.0,28480.0,28356.0,83720.0,155986.0,146789.0,141691.0,137473.0,137925.0,135788.0,129489.0,49367.0,72482.0,45557.0,62194.0,84932.0,59676.0,40202.0,45439.0,,,,,,,,,,,4901.0,2121295.0,2004236.0,117059.0,1203765.0,3329961.0,2126196.0,10948.0,7411.0,14340.0,11062.0,70949.0,42161.0,165103.0,164415.0,571408.0,709620.0,1042245.0,254785.0,37516.0,1724792.0,217539.0,1184.0,1507253.0,411288.0,288826.0,12778.0,206794.0,139453.0,415045.0,199031.0,40511.0,148512.0,97585.0,75495.0,242367.0,265353.0,109535.0,51777.0,3601.0,83925.0,0.4666,327662.0,53377.0,634810.0,162959.0,232499.0,235265.0,238167.0,1104981.0,236328.0,354513.0,40844.0,100996.0,61897.0,33457.0,32087.0,111975.0,116678.0,497934.0,3934.0,753860.0,56174.0,93549.0,379310.0,753860.0,168119.0,217628.0,503710.0,360919.0,549622.0,589280.0,204391.0,2196214.0,4198378.0,4203415.0,4093055.0,618496.0,503710.0,923098.0,29957.0,130577.0,1976339.0,237799.0,571408.0,536649.0,206090.0,237724.0,479209.0,2811491.0,145496.0,122241.0,179976.0,1845762.0,1311091.0,,,,,,,,,,,44542.0,62902.0
4,Florida,DUVAL COUNTY,2016,FL,205704,211672,432695,926010,449505,476505,62757,32226,30531,103849,52930,50919,43648,22025,21623,85202,43807,41395,737848,353453,384395,715756,342324,373432,386856,192829,194027,268639,132345,136294,238370,113298,125072,123545,52874,70671,62757,32226,30531,59408,30181,29227,55074,28097,26977,54259,27547,26712,63958,32937,31021,80715,40035,40680,71526,35390,36136,61200,30051,31149,55198,26869,28329,58680,28459,30221,62828,30067,32761,63038,29927,33111,53824,24845,28979,45299,20694,24605,29977,13461,16516,20173,8615,11558,13661,5376,8285,14435,4728,9707,36.2,34.7,37.6,FL,130927.0,210979.0,1982.0,9122.0,35422.0,13237.0,10028.0,12891.0,16165.0,17090.0,16059.0,9172.0,3579.0,900890.0,436406.0,464484.0,36.0,492946.0,261399.0,39196.0,77771.0,1682.0,1977.0,24976.0,823119.0,8183.0,341906.0,49196.0,27235.0,396150.0,54244.0,12946.0,4919.0,796.0,31.8,199141.0,1243.0,135782.0,69838.0,39046.0,22443.0,14518.0,1568.0,517.0,30792.0,4665.0,4169.0,46445.0,70809.0,84261.0,33409.0,68975.0,21487.0,9737870.0,28224.0,18022.0,17856.0,18440.0,18859.0,19808.0,18122.0,18343.0,15713.0,27918.0,35609.0,40489.0,24240.0,14063.0,13626.0,12574.0,962.0,87500.0,146400.0,230100.0,141305.0,341906.0,142765.0,240624.0,19953.0,7870.0,16869.0,23133.0,33620.0,20518.0,15625.0,17801.0,2188.0,8725.0,20933.0,31114.0,29558.0,27759.0,16377.0,11048.0,5769.0,6519.0,21368.0,37507.0,33447.0,28876.0,27184.0,28485.0,30614.0,27521.0,10338.0,14356.0,8470.0,10045.0,12260.0,7490.0,5112.0,5189.0,29946.0,28367.0,26882.0,16014.0,10549.0,6327.0,6334.0,19871.0,38077.0,34439.0,29640.0,29229.0,30260.0,33317.0,31012.0,12314.0,15863.0,9886.0,12221.0,14927.0,10456.0,8781.0,9772.0,551020.0,264996.0,2021.0,39702.0,30218.0,11595.0,11890.0,10614.0,6591.0,64391.0,11751.0,457842.0,418435.0,39407.0,246584.0,716177.0,469593.0,2481.0,1926.0,15765.0,12338.0,4316.0,2698.0,35850.0,34666.0,116512.0,142643.0,206017.0,73117.0,8097.0,379021.0,40468.0,55.0,338553.0,55628.0,111390.0,1193.0,43150.0,23531.0,86674.0,48604.0,6916.0,23608.0,20372.0,19155.0,51021.0,54089.0,29045.0,11077.0,835.0,11248.0,0.4719,54015.0,19965.0,170279.0,56709.0,47339.0,43262.0,44115.0,227382.0,53753.0,67336.0,9501.0,19743.0,9793.0,3216.0,9703.0,34686.0,24672.0,111314.0,583.0,150588.0,14637.0,28591.0,40369.0,150588.0,32719.0,43741.0,114927.0,76460.0,135357.0,130213.0,36497.0,492479.0,880061.0,888787.0,864570.0,146252.0,114927.0,198946.0,6457.0,20137.0,422137.0,59437.0,116512.0,143350.0,45616.0,38607.0,93893.0,607088.0,23485.0,17205.0,35924.0,402000.0,77771.0,,,,,,,,,,,,
5,Florida,DUVAL COUNTY,2020,FL,252556,233762,492820,957755,464225,493530,64571,33002,31569,107517,54760,52757,43660,22170,21490,82805,42416,40389,763318,365066,398252,742007,354293,387714,396737,197732,199005,281479,138858,142621,239129,113372,125757,138594,59647,78947,64571,33002,31569,60744,30946,29798,57980,29526,28454,53967,27436,26531,61291,31438,29853,81972,40962,41010,76909,37996,38913,66644,32783,33861,55954,27117,28837,58070,28015,30055,58637,28098,30539,63930,30267,33663,58492,26992,31500,47521,21629,25892,37335,16937,20398,23833,10180,13653,14900,6022,8878,15005,4879,10126,36.6,35.1,38.0,FL,133234.0,221153.0,1983.0,9306.0,34710.0,13276.0,10429.0,15603.0,17497.0,19396.0,18534.0,10960.0,3788.0,924229.0,448163.0,476066.0,36.1,494360.0,269513.0,42474.0,86184.0,1766.0,3110.0,26154.0,838045.0,8160.0,354387.0,53473.0,30012.0,403548.0,49161.0,11692.0,4982.0,859.0,30.6,200888.0,1475.0,135626.0,70927.0,40850.0,24169.0,14379.0,1548.0,754.0,30077.0,5087.0,4635.0,46434.0,71737.0,81742.0,36176.0,77881.0,26341.0,10540495.0,25497.0,16407.0,16557.0,17389.0,18222.0,18758.0,19157.0,18254.0,15099.0,29291.0,37039.0,45800.0,27521.0,17682.0,15313.0,16401.0,1037.0,100100.0,166900.0,262900.0,146652.0,354387.0,153499.0,243460.0,20599.0,7537.0,17309.0,24283.0,32896.0,21168.0,17088.0,18976.0,8387.0,11609.0,19743.0,31983.0,30284.0,28120.0,16507.0,10976.0,6544.0,6128.0,20224.0,39483.0,35262.0,29081.0,27982.0,28382.0,29852.0,29144.0,,,8766.0,11323.0,13950.0,8739.0,5191.0,4846.0,30507.0,28244.0,28126.0,16172.0,10365.0,6207.0,5725.0,19410.0,40234.0,36047.0,31361.0,28517.0,30040.0,32561.0,33070.0,12639.0,16176.0,10155.0,13804.0,17000.0,11084.0,8939.0,9683.0,,,,,,,,,,,11899.0,471849.0,440797.0,31052.0,252622.0,736370.0,483748.0,2577.0,2029.0,15489.0,13175.0,4841.0,3191.0,34272.0,35334.0,122437.0,151329.0,209943.0,73170.0,8029.0,398452.0,42321.0,52.0,356131.0,55706.0,114622.0,1109.0,44525.0,28203.0,90268.0,49980.0,7176.0,24548.0,22420.0,19223.0,53887.0,58219.0,29526.0,11713.0,720.0,13247.0,0.4728,60843.0,20202.0,175335.0,59699.0,48344.0,44178.0,43750.0,227278.0,52412.0,65724.0,9857.0,19385.0,10846.0,3440.0,8975.0,35680.0,24591.0,112774.0,549.0,162531.0,15370.0,28840.0,45182.0,162531.0,36249.0,51961.0,109548.0,80508.0,137173.0,135906.0,39221.0,505227.0,903209.0,911148.0,886206.0,139758.0,109548.0,204368.0,7681.0,21444.0,445117.0,63464.0,122437.0,148384.0,47015.0,44234.0,93889.0,628707.0,27066.0,19018.0,37278.0,423673.0,86184.0,,,,,,,,,,,10822.0,14574.0
7,Florida,PINELLAS COUNTY,2016,FL,233701,239201,492403,959874,460894,498980,43047,21866,21181,79179,40500,38679,37916,19245,18671,65861,33286,32575,819051,389111,429940,799732,379283,420449,313636,155528,158108,218942,107587,111355,286310,136755,149555,228619,101655,126964,43047,21866,21181,43585,22180,21405,44677,22910,21767,45723,23392,22331,48971,24549,24422,58970,29185,29785,55434,27184,28250,52415,25717,26698,52123,25501,26622,62135,30268,31867,73230,35249,37981,78504,37562,40942,72441,33676,38765,69241,32700,36541,53468,24482,28986,40038,18196,21842,29797,12817,16980,36075,13460,22615,47.8,46.3,49.2,FL,180284.0,225504.0,1975.0,10219.0,36056.0,14266.0,9923.0,12025.0,16113.0,16937.0,15043.0,9628.0,3433.0,939548.0,450712.0,488836.0,47.4,707014.0,94310.0,29942.0,83145.0,2495.0,2193.0,19694.0,856403.0,7481.0,405788.0,47090.0,31035.0,504477.0,98689.0,11039.0,7388.0,819.0,32.3,262145.0,2096.0,143691.0,48989.0,28006.0,16982.0,9446.0,1276.0,302.0,20983.0,4800.0,4126.0,57313.0,67371.0,67676.0,27402.0,54906.0,28499.0,9648090.0,30725.0,23204.0,24882.0,25118.0,24448.0,23875.0,21163.0,21537.0,17724.0,32578.0,39223.0,43364.0,29349.0,16420.0,15626.0,16552.0,967.0,86000.0,157500.0,262700.0,164356.0,405788.0,143643.0,243019.0,24471.0,14285.0,22209.0,30250.0,37127.0,35928.0,49465.0,46977.0,1091.0,3153.0,13557.0,21660.0,21574.0,23570.0,14725.0,8904.0,5619.0,4867.0,14593.0,26880.0,26147.0,24184.0,27198.0,31115.0,36207.0,36254.0,13261.0,19207.0,12760.0,17736.0,22310.0,17976.0,12296.0,11669.0,20868.0,21041.0,22356.0,14161.0,8318.0,5234.0,4748.0,15021.0,27510.0,27148.0,25937.0,27637.0,32591.0,38672.0,39006.0,15032.0,22414.0,14621.0,18398.0,27485.0,21542.0,16532.0,22564.0,774949.0,96224.0,2780.0,30112.0,38389.0,11563.0,13865.0,15273.0,6561.0,86088.0,1017.0,463934.0,429839.0,34095.0,333675.0,798626.0,464951.0,2011.0,1700.0,6187.0,5083.0,4919.0,3425.0,53300.0,57919.0,137065.0,151849.0,159955.0,50351.0,7367.0,370975.0,33628.0,70.0,337347.0,102819.0,37948.0,1497.0,46569.0,23313.0,97493.0,40378.0,8844.0,29613.0,21809.0,16391.0,57085.0,60452.0,15586.0,10809.0,1833.0,9098.0,0.4861,73138.0,17101.0,206971.0,51184.0,34053.0,36609.0,37686.0,182715.0,44890.0,68402.0,13557.0,26337.0,14213.0,3519.0,9483.0,39878.0,29057.0,136044.0,1699.0,161723.0,14223.0,35021.0,45235.0,161723.0,31145.0,35669.0,121104.0,80198.0,189481.0,140403.0,31785.0,496400.0,924925.0,930878.0,914115.0,130727.0,121104.0,226713.0,6617.0,26365.0,424109.0,70471.0,137065.0,175352.0,52462.0,50013.0,103780.0,712289.0,25428.0,21834.0,47315.0,397744.0,83145.0,,,,,,,,,,,,
8,Florida,PINELLAS COUNTY,2020,FL,277450,276209,559715,974996,468101,506895,41227,21148,20079,77716,39485,38231,36102,18559,17543,63289,31933,31356,837886,398127,439759,819951,388909,431042,316377,157294,159083,226043,111513,114530,282989,135123,147866,247630,110340,137290,41227,21148,20079,42317,21573,20744,44456,22623,21833,43663,22375,21288,46671,23406,23265,60472,30138,30334,58054,28825,29229,55687,27272,28415,51830,25278,26552,59004,28616,30388,66073,32043,34030,79627,37869,41758,78285,36595,41690,70253,32491,37762,62519,28944,33575,46387,20902,25485,31510,13823,17687,36961,14180,22781,48.8,47.2,50.2,FL,180306.0,227414.0,1975.0,9643.0,33574.0,13763.0,9775.0,12203.0,16505.0,16924.0,14547.0,9668.0,3103.0,957875.0,459766.0,498109.0,47.8,711722.0,95859.0,31613.0,90359.0,2188.0,2948.0,22281.0,867516.0,7663.0,407720.0,51454.0,33478.0,507692.0,99972.0,11711.0,6641.0,897.0,31.8,268015.0,3193.0,142374.0,49850.0,29364.0,18049.0,9495.0,1244.0,576.0,20486.0,4938.0,4245.0,59039.0,70097.0,68394.0,27913.0,56626.0,29334.0,9965610.0,27780.0,20093.0,23217.0,22987.0,23197.0,22904.0,21012.0,19527.0,18173.0,32440.0,38601.0,48207.0,31819.0,18446.0,19664.0,19653.0,1064.0,101300.0,183000.0,298700.0,167357.0,407720.0,139705.0,243532.0,25838.0,15545.0,22946.0,30487.0,34574.0,36446.0,50773.0,47017.0,4247.0,4760.0,14066.0,21784.0,22083.0,22802.0,14517.0,8724.0,4766.0,5193.0,14665.0,28827.0,27170.0,26384.0,25084.0,30181.0,35132.0,36196.0,,,13751.0,18085.0,25047.0,19014.0,12674.0,12788.0,20851.0,21712.0,21575.0,13993.0,8118.0,4826.0,4629.0,15085.0,29497.0,28090.0,26830.0,26874.0,31732.0,37638.0,40330.0,16161.0,23032.0,14958.0,21397.0,28989.0,22743.0,16614.0,22435.0,,,,,,,,,,,1138.0,472955.0,446120.0,26835.0,343709.0,817802.0,474093.0,2190.0,1842.0,6106.0,5388.0,5464.0,3860.0,50516.0,59333.0,147743.0,160914.0,159317.0,49279.0,7500.0,381226.0,35160.0,103.0,346066.0,104301.0,36784.0,1274.0,50155.0,24401.0,99808.0,42539.0,8465.0,31650.0,23076.0,16252.0,57065.0,62866.0,18062.0,10507.0,1561.0,10211.0,0.4857,79067.0,17607.0,207182.0,46629.0,34632.0,34512.0,38396.0,181917.0,43145.0,65119.0,13024.0,27537.0,14463.0,3343.0,8981.0,40012.0,29048.0,136408.0,1443.0,170682.0,13548.0,32866.0,46610.0,170682.0,30629.0,43830.0,118955.0,82024.0,186024.0,144837.0,33782.0,504057.0,943631.0,949475.0,932954.0,123097.0,118955.0,233441.0,7291.0,30805.0,440128.0,72410.0,147743.0,175097.0,54836.0,55162.0,106195.0,732552.0,28095.0,23442.0,46383.0,409323.0,90359.0,,,,,,,,,,,14380.0,20519.0
10,Florida,SEMINOLE COUNTY,2016,FL,105914,109443,224896,455945,220326,235619,24233,12409,11824,48998,24815,24183,23973,12101,11872,38779,19673,19106,371014,177245,193769,358741,171001,187740,184256,91702,92554,127201,62832,64369,125264,59362,65902,67497,29134,38363,24233,12409,11824,26488,13498,12990,28207,14221,13986,28174,14335,13839,28881,14535,14346,34056,17350,16706,31881,15751,16130,31387,15379,16008,29877,14352,15525,32539,15460,17079,33275,15988,17287,32097,15235,16862,27353,12679,14674,23708,10845,12863,16211,7309,8902,11028,4797,6231,7790,3117,4673,8760,3066,5694,39.1,37.5,40.7,FL,52688.0,103528.0,1986.0,3715.0,13053.0,4728.0,3262.0,4566.0,5818.0,6799.0,5925.0,3333.0,1432.0,442905.0,213833.0,229072.0,39.2,280711.0,46854.0,17889.0,85292.0,603.0,2133.0,9191.0,357613.0,1516.0,156216.0,58538.0,30097.0,185436.0,29220.0,7037.0,2165.0,934.0,31.3,103585.0,496.0,77090.0,27029.0,19245.0,11088.0,7007.0,676.0,474.0,7784.0,1694.0,1569.0,24172.0,32976.0,29107.0,15348.0,33323.0,20475.0,5429930.0,9168.0,6023.0,7534.0,6918.0,7546.0,8063.0,7569.0,7492.0,6297.0,13048.0,16806.0,20341.0,13574.0,8070.0,9359.0,8408.0,1105.0,114700.0,188400.0,290200.0,78540.0,156216.0,52631.0,114030.0,16378.0,1664.0,6791.0,13302.0,14592.0,9710.0,3716.0,5168.0,793.0,3642.0,1338.0,11910.0,12617.0,14672.0,9267.0,5284.0,3016.0,3096.0,8939.0,16134.0,14772.0,14375.0,14196.0,15273.0,16152.0,14187.0,5516.0,7048.0,4858.0,5061.0,6988.0,4335.0,3234.0,2903.0,11456.0,13374.0,13277.0,8922.0,4801.0,3613.0,2556.0,8873.0,15640.0,15328.0,14789.0,15825.0,16915.0,17560.0,15660.0,6008.0,8548.0,5153.0,6454.0,8186.0,5179.0,4496.0,6459.0,350590.0,50282.0,725.0,18297.0,12612.0,7257.0,8671.0,8723.0,3736.0,23657.0,534.0,234784.0,215997.0,18787.0,123567.0,358885.0,235318.0,1291.0,909.0,2826.0,2250.0,5002.0,3248.0,21959.0,20124.0,73902.0,92117.0,95495.0,23005.0,1071.0,191787.0,16366.0,23.0,175421.0,52919.0,7323.0,740.0,22503.0,12211.0,47105.0,20504.0,6819.0,11573.0,10994.0,8218.0,26537.0,34084.0,8639.0,6070.0,213.0,5910.0,0.4571,36227.0,3945.0,71859.0,15297.0,21185.0,21718.0,24512.0,118406.0,32619.0,20332.0,6203.0,15383.0,8528.0,973.0,2158.0,12999.0,11932.0,58176.0,376.0,93851.0,2692.0,5686.0,20378.0,93851.0,13181.0,14984.0,59881.0,34100.0,56684.0,67272.0,20664.0,243926.0,439311.0,438642.0,429273.0,53025.0,59881.0,104912.0,1551.0,14588.0,213323.0,39601.0,73902.0,60635.0,17840.0,26018.0,47471.0,307232.0,15928.0,12459.0,14947.0,198735.0,85292.0,,,,,,,,,,,,
11,Florida,SEMINOLE COUNTY,2020,FL,132528,125241,260815,471826,228175,243651,24643,12697,11946,50099,25421,24678,23456,11813,11643,38573,19394,19179,385184,184053,201131,373628,178244,195384,191070,95320,95750,134944,67114,67830,124710,59251,65459,75401,32485,42916,24643,12697,11946,26979,13755,13224,29023,14667,14356,27666,13961,13705,28460,14245,14215,34825,17565,17260,34180,17266,16914,34302,16914,17388,31637,15369,16268,32296,15447,16849,31250,14871,16379,32332,15470,16862,28832,13463,15369,24254,10955,13299,20016,8920,11096,13211,5792,7419,8350,3410,4940,9570,3408,6162,39.4,38.0,40.9,FL,55933.0,111371.0,1987.0,4012.0,13787.0,5320.0,3536.0,4676.0,6778.0,7433.0,7112.0,4008.0,1573.0,455086.0,219935.0,235151.0,39.2,279063.0,48821.0,19749.0,94168.0,723.0,2069.0,10236.0,360918.0,1997.0,167304.0,63760.0,33419.0,188529.0,21225.0,6373.0,2448.0,1039.0,30.2,109069.0,566.0,77931.0,28241.0,20376.0,12018.0,6903.0,887.0,568.0,7865.0,1858.0,1733.0,23915.0,33315.0,31195.0,15084.0,33836.0,22558.0,5656835.0,9552.0,5536.0,6749.0,7111.0,7998.0,7082.0,7344.0,7310.0,6375.0,13933.0,17154.0,22471.0,15515.0,9919.0,11430.0,11825.0,1198.0,143900.0,224000.0,328800.0,85151.0,167304.0,58235.0,115317.0,17422.0,1772.0,6845.0,14324.0,14877.0,7578.0,4941.0,5321.0,2903.0,4757.0,1335.0,12402.0,13494.0,14089.0,9144.0,5206.0,2934.0,3024.0,8754.0,17217.0,15723.0,15908.0,13925.0,15369.0,15887.0,13837.0,,,4584.0,5567.0,7932.0,4910.0,3057.0,3042.0,11713.0,13513.0,13504.0,9019.0,4846.0,3512.0,2484.0,8467.0,16435.0,16006.0,15680.0,16230.0,16940.0,17192.0,16492.0,6424.0,8323.0,5605.0,7060.0,9050.0,5513.0,4790.0,6353.0,,,,,,,,,,,734.0,240338.0,226769.0,13569.0,128871.0,369943.0,241072.0,1395.0,968.0,2930.0,2362.0,5562.0,3721.0,21070.0,20492.0,81835.0,100450.0,96878.0,21569.0,1128.0,200381.0,17553.0,50.0,182828.0,55792.0,7764.0,787.0,23925.0,13860.0,49945.0,21709.0,7413.0,12420.0,11046.0,7744.0,26078.0,37160.0,9053.0,5629.0,180.0,7979.0,0.46,40173.0,4064.0,69293.0,15517.0,21783.0,21157.0,24254.0,117848.0,31769.0,18207.0,6805.0,16168.0,8364.0,655.0,2197.0,13374.0,11460.0,59023.0,363.0,101564.0,3237.0,5931.0,23721.0,101564.0,13883.0,17931.0,57708.0,35683.0,59202.0,71300.0,22892.0,251518.0,450947.0,451215.0,440820.0,51442.0,57708.0,109473.0,2178.0,16428.0,224221.0,45621.0,81835.0,57860.0,17949.0,29540.0,45903.0,318981.0,17835.0,13387.0,16668.0,207793.0,94168.0,,,,,,,,,,,6361.0,7569.0
13,Georgia,BURKE COUNTY,2016,GA,4731,4491,9351,22601,10820,11781,1603,776,827,2993,1556,1437,1352,686,666,1940,1031,909,17290,8119,9171,16653,7802,8851,8224,4017,4207,5286,2490,2796,6161,2873,3288,3266,1408,1858,1603,776,827,1590,836,754,1757,910,847,1499,761,738,1439,766,673,1414,658,756,1271,580,691,1348,641,707,1253,611,642,1371,617,754,1592,717,875,1645,781,864,1553,758,795,1185,556,629,867,390,477,533,226,307,376,122,254,305,114,191,37.6,35.9,39.2,GA,2120.0,5962.0,1984.0,404.0,499.0,257.0,83.0,203.0,207.0,153.0,279.0,142.0,139.0,22838.0,10941.0,11897.0,37.1,10748.0,11234.0,54.0,680.0,8.0,0.0,114.0,22158.0,13.0,8082.0,34589.0,18667.0,9824.0,1742.0,172.0,151.0,345.0,31.5,5716.0,17.0,2804.0,1905.0,848.0,450.0,375.0,16.0,7.0,1057.0,170.0,161.0,846.0,1069.0,794.0,523.0,1546.0,888.0,223135.0,1000.0,738.0,739.0,521.0,510.0,581.0,331.0,387.0,387.0,306.0,791.0,771.0,542.0,191.0,167.0,120.0,541.0,44300.0,79800.0,139900.0,3717.0,8082.0,2366.0,5434.0,30.0,295.0,465.0,173.0,12.0,7.0,2.0,3349.0,33.0,198.0,356.0,815.0,899.0,900.0,480.0,263.0,368.0,100.0,339.0,661.0,651.0,658.0,540.0,633.0,782.0,771.0,442.0,262.0,187.0,336.0,398.0,182.0,151.0,123.0,809.0,859.0,786.0,479.0,190.0,192.0,229.0,424.0,766.0,712.0,642.0,700.0,764.0,878.0,961.0,305.0,376.0,290.0,361.0,435.0,333.0,160.0,246.0,10961.0,11238.0,8.0,60.0,935.0,410.0,379.0,352.0,234.0,1422.0,30.0,9286.0,8608.0,678.0,8123.0,17439.0,9316.0,8.0,13.0,614.0,635.0,26.0,20.0,764.0,794.0,818.0,1186.0,6027.0,2938.0,13.0,8146.0,774.0,0.0,7372.0,1823.0,399.0,384.0,590.0,748.0,1884.0,272.0,131.0,1564.0,196.0,362.0,964.0,574.0,789.0,150.0,0.0,1036.0,0.4728,712.0,238.0,5617.0,2097.0,1401.0,1298.0,1367.0,5831.0,905.0,3336.0,165.0,111.0,147.0,134.0,547.0,1354.0,432.0,2890.0,0.0,2087.0,107.0,573.0,306.0,2087.0,1452.0,1694.0,1873.0,1502.0,2769.0,2474.0,1230.0,11504.0,22502.0,22586.0,21831.0,6862.0,1873.0,4223.0,83.0,204.0,8552.0,1272.0,818.0,4924.0,699.0,444.0,2252.0,14706.0,789.0,586.0,1307.0,8348.0,680.0,,,,,,,,,,,,
14,Georgia,BURKE COUNTY,2020,GA,5209,5400,10684,22383,10648,11735,1519,735,784,2885,1465,1420,1338,694,644,1834,947,887,17310,8107,9203,16641,7754,8887,8193,4007,4186,5351,2532,2819,5881,2750,3131,3575,1525,2050,1519,735,784,1565,769,796,1650,862,788,1561,817,744,1281,658,623,1464,718,746,1301,589,712,1338,634,704,1248,591,657,1358,643,715,1324,628,696,1651,742,909,1548,737,811,1288,581,707,956,447,509,628,251,377,387,145,242,316,101,215,38.3,36.5,39.8,GA,2149.0,6035.0,1986.0,473.0,609.0,136.0,132.0,130.0,187.0,188.0,251.0,186.0,118.0,22550.0,10697.0,11853.0,37.5,10618.0,10952.0,61.0,703.0,5.0,7.0,204.0,21847.0,66.0,8184.0,42773.0,21334.0,10004.0,1820.0,86.0,65.0,422.0,31.5,5774.0,0.0,2465.0,1842.0,920.0,509.0,381.0,24.0,6.0,922.0,133.0,131.0,683.0,1069.0,820.0,514.0,1485.0,749.0,228095.0,827.0,661.0,549.0,418.0,475.0,500.0,348.0,575.0,411.0,306.0,668.0,1117.0,675.0,255.0,264.0,135.0,585.0,48400.0,87900.0,158300.0,3935.0,8184.0,2410.0,5410.0,31.0,267.0,446.0,125.0,2.0,32.0,9.0,3581.0,278.0,347.0,260.0,794.0,742.0,915.0,488.0,410.0,206.0,94.0,304.0,731.0,595.0,596.0,602.0,617.0,690.0,790.0,,,217.0,346.0,400.0,202.0,168.0,89.0,852.0,712.0,901.0,487.0,306.0,49.0,203.0,382.0,786.0,698.0,583.0,721.0,766.0,840.0,958.0,365.0,367.0,410.0,305.0,408.0,403.0,159.0,192.0,,,,,,,,,,,35.0,9505.0,9028.0,477.0,7850.0,17390.0,9540.0,0.0,0.0,555.0,645.0,29.0,19.0,721.0,827.0,1111.0,1331.0,5891.0,2427.0,66.0,8275.0,567.0,0.0,7708.0,1836.0,320.0,540.0,577.0,888.0,1961.0,348.0,93.0,1557.0,220.0,300.0,855.0,418.0,1115.0,156.0,6.0,1030.0,0.4486,746.0,212.0,5503.0,1792.0,1195.0,1569.0,1473.0,5757.0,849.0,3059.0,163.0,156.0,85.0,177.0,459.0,1185.0,573.0,2798.0,0.0,2475.0,163.0,723.0,285.0,2475.0,1373.0,2140.0,1539.0,1501.0,2497.0,2601.0,1333.0,11406.0,22244.0,22221.0,21506.0,5523.0,1539.0,4286.0,86.0,373.0,8877.0,1328.0,1111.0,4847.0,671.0,519.0,2287.0,14705.0,918.0,697.0,1569.0,8504.0,703.0,,,,,,,,,,,285.0,416.0
16,Michigan,KENT COUNTY,2016,MI,138683,148180,308184,643858,317248,326610,44197,22609,21588,79268,40703,38565,35488,18136,17352,62093,31351,30742,502952,245041,257911,484905,235800,249105,267825,134240,133585,178881,89163,89718,161355,79148,82207,82576,36138,46438,44197,22609,21588,43992,22685,21307,43913,22428,21485,43559,22207,21352,45385,22870,22515,53246,26532,26714,46779,23322,23457,41930,20944,20986,36926,18365,18561,39787,19677,20110,42089,20745,21344,42450,20811,21639,37029,17915,19114,28915,13606,15309,18724,8634,10090,13319,5790,7529,9823,4022,5801,11795,4086,7709,35.1,34.1,36.1,MI,79263.0,155307.0,1973.0,4034.0,18087.0,5685.0,4228.0,5958.0,7697.0,9705.0,8928.0,6815.0,2308.0,629352.0,309450.0,319902.0,34.9,470602.0,58390.0,16816.0,63915.0,1669.0,741.0,17160.0,565437.0,6211.0,234570.0,54673.0,28070.0,249029.0,14459.0,3074.0,1408.0,678.0,29.5,161125.0,547.0,107181.0,51022.0,34119.0,21215.0,11358.0,1113.0,433.0,16903.0,3523.0,3178.0,49419.0,58501.0,56196.0,22905.0,30075.0,11760.0,6215785.0,14813.0,10601.0,11949.0,11781.0,11579.0,13249.0,12112.0,11181.0,9838.0,20226.0,26711.0,30469.0,19900.0,10417.0,10028.0,9716.0,787.0,95700.0,144300.0,216900.0,115314.0,234570.0,73445.0,162763.0,16417.0,10945.0,8640.0,9537.0,15371.0,7328.0,8429.0,9520.0,817.0,3289.0,14113.0,22658.0,22425.0,22552.0,13492.0,8531.0,4588.0,4616.0,13648.0,24712.0,22426.0,20223.0,18261.0,19833.0,21307.0,20128.0,7269.0,9503.0,5367.0,6460.0,8006.0,5354.0,4135.0,3956.0,21398.0,21287.0,21596.0,12983.0,8193.0,4264.0,4691.0,13827.0,25357.0,22407.0,20031.0,18962.0,20336.0,21981.0,21601.0,7274.0,10143.0,5878.0,7390.0,9409.0,6925.0,6218.0,7751.0,508965.0,60729.0,2921.0,16882.0,32512.0,6516.0,6786.0,6837.0,4147.0,37916.0,279.0,334374.0,313229.0,21145.0,154023.0,488676.0,334653.0,1021.0,590.0,3628.0,2665.0,2976.0,1657.0,33059.0,31631.0,90518.0,117248.0,158391.0,39734.0,6068.0,277191.0,27100.0,78.0,250091.0,74606.0,29686.0,3764.0,29996.0,14476.0,72537.0,18217.0,5249.0,58285.0,15357.0,7027.0,34900.0,29986.0,11293.0,12142.0,598.0,12501.0,0.4596,47007.0,10942.0,102000.0,35182.0,34185.0,35445.0,35430.0,170943.0,36616.0,42728.0,6232.0,15844.0,9742.0,3217.0,4802.0,20986.0,17217.0,78040.0,425.0,110946.0,8281.0,17652.0,29672.0,110946.0,22583.0,52556.0,74494.0,52650.0,77006.0,95272.0,32139.0,331754.0,618991.0,620706.0,603064.0,92049.0,74494.0,126350.0,6163.0,13020.0,306936.0,36408.0,90518.0,88026.0,28644.0,34389.0,61298.0,408603.0,13302.0,10984.0,40774.0,293916.0,63915.0,,,,,,,,,,,,
17,Michigan,KENT COUNTY,2020,MI,187915,165741,360839,656955,324063,332892,43492,22229,21263,78575,40407,38168,34998,17880,17118,61181,30652,30529,517306,252374,264932,499890,243547,256343,276101,138573,137528,188656,94580,94076,157233,77183,80050,92820,41132,51688,43492,22229,21263,43549,22428,21121,43760,22518,21242,43075,21867,21208,44370,22126,22244,55002,27712,27290,49932,25149,24783,45064,22668,22396,38658,19051,19607,37812,18715,19097,38458,18973,19485,41822,20540,21282,39141,18955,20186,31954,15215,16739,22907,10484,12423,15513,6773,8740,10454,4322,6132,11992,4338,7654,35.6,34.6,36.6,MI,80387.0,158849.0,1974.0,3873.0,16763.0,5868.0,4324.0,6267.0,8742.0,9649.0,9348.0,6707.0,2494.0,643140.0,316734.0,326406.0,35.1,475966.0,59543.0,19213.0,67179.0,1482.0,728.0,18902.0,575961.0,6363.0,239236.0,60351.0,31005.0,253003.0,13767.0,2797.0,1161.0,747.0,28.9,165201.0,575.0,108395.0,50504.0,34617.0,21580.0,11705.0,1110.0,222.0,15887.0,4148.0,3876.0,51910.0,62867.0,58640.0,24650.0,32263.0,12132.0,6545080.0,12524.0,8593.0,10922.0,11360.0,10914.0,12423.0,11407.0,11022.0,10258.0,19524.0,26988.0,32673.0,21755.0,13727.0,12470.0,12676.0,871.0,110700.0,163500.0,247900.0,119134.0,239236.0,74035.0,166792.0,15516.0,10769.0,7895.0,10436.0,14630.0,7869.0,9307.0,9679.0,3592.0,4786.0,13961.0,22580.0,22702.0,22410.0,13525.0,8502.0,4661.0,4643.0,13651.0,26285.0,23275.0,21418.0,18158.0,19535.0,20657.0,20210.0,,,5759.0,7645.0,8837.0,6042.0,4183.0,3826.0,21491.0,21304.0,21514.0,13057.0,8226.0,4553.0,4630.0,13584.0,26362.0,23438.0,20461.0,19438.0,20012.0,21137.0,21629.0,7821.0,11168.0,6551.0,7885.0,10832.0,7336.0,5722.0,8255.0,,,,,,,,,,,171.0,346056.0,329336.0,16720.0,156029.0,502256.0,346227.0,1237.0,660.0,3615.0,2856.0,3265.0,1833.0,31647.0,32707.0,97782.0,125093.0,158583.0,36778.0,6226.0,291813.0,29548.0,89.0,262265.0,74381.0,28654.0,3929.0,29174.0,15880.0,76518.0,19181.0,5324.0,62204.0,15545.0,6319.0,36362.0,33034.0,12699.0,13167.0,573.0,14027.0,0.4578,50631.0,11191.0,103202.0,28916.0,34650.0,35482.0,35526.0,168630.0,34447.0,41102.0,6277.0,16661.0,10055.0,3177.0,4494.0,21071.0,16897.0,78632.0,399.0,120241.0,8134.0,16940.0,32333.0,120241.0,23845.0,60041.0,72916.0,52293.0,77281.0,97509.0,33479.0,339234.0,632210.0,634849.0,617051.0,79362.0,72916.0,129390.0,6968.0,13297.0,322958.0,38449.0,97782.0,89304.0,29175.0,37368.0,61766.0,422107.0,13733.0,11174.0,42292.0,309661.0,67179.0,,,,,,,,,,,7467.0,10763.0
19,Michigan,LEELANAU COUNTY,2016,MI,6774,7239,14757,21507,10584,10923,889,462,427,1775,907,868,910,486,424,1455,744,711,18418,8987,9431,17933,8729,9204,5711,2907,2804,3553,1787,1766,6653,3186,3467,6272,3012,3260,889,462,427,925,478,447,1057,539,518,1116,594,522,1042,526,516,840,433,407,923,442,481,938,479,459,852,433,419,1141,578,563,1436,653,783,1869,903,966,2207,1052,1155,2099,1019,1080,1509,773,736,1081,523,558,744,352,392,839,345,494,53.9,52.8,54.6,MI,2761.0,6223.0,1982.0,158.0,273.0,123.0,74.0,81.0,72.0,119.0,210.0,80.0,67.0,21764.0,10686.0,11078.0,53.3,19680.0,109.0,167.0,872.0,612.0,25.0,292.0,20892.0,65.0,8984.0,59018.0,35954.0,15214.0,6230.0,306.0,116.0,704.0,30.1,7727.0,312.0,4582.0,986.0,743.0,466.0,274.0,3.0,0.0,243.0,88.0,88.0,1471.0,1148.0,1534.0,614.0,984.0,347.0,187000.0,368.0,300.0,463.0,346.0,423.0,423.0,410.0,560.0,420.0,834.0,1118.0,1067.0,765.0,435.0,483.0,569.0,865.0,163600.0,243500.0,397200.0,5439.0,8984.0,1257.0,12983.0,759.0,178.0,173.0,289.0,126.0,178.0,11.0,515.0,33.0,184.0,530.0,399.0,595.0,482.0,392.0,207.0,80.0,120.0,343.0,444.0,462.0,443.0,547.0,561.0,708.0,882.0,327.0,785.0,414.0,557.0,723.0,541.0,378.0,296.0,471.0,486.0,526.0,353.0,178.0,181.0,93.0,230.0,416.0,447.0,381.0,527.0,599.0,875.0,1037.0,416.0,696.0,395.0,575.0,719.0,629.0,411.0,437.0,20191.0,109.0,728.0,167.0,1142.0,301.0,235.0,201.0,164.0,2814.0,0.0,10347.0,9665.0,682.0,8275.0,18622.0,10347.0,0.0,3.0,3.0,4.0,19.0,39.0,1215.0,1907.0,3901.0,4049.0,3704.0,607.0,53.0,8063.0,1013.0,4.0,7050.0,1958.0,59.0,449.0,1141.0,931.0,2112.0,532.0,178.0,847.0,549.0,460.0,1062.0,897.0,327.0,180.0,14.0,574.0,0.4767,2939.0,403.0,3697.0,604.0,744.0,831.0,1028.0,4213.0,904.0,858.0,361.0,718.0,521.0,35.0,62.0,835.0,731.0,3263.0,16.0,3561.0,97.0,288.0,330.0,3561.0,1148.0,931.0,2226.0,1799.0,2708.0,4024.0,1390.0,10553.0,21573.0,21514.0,21195.0,1872.0,2226.0,5233.0,272.0,937.0,9534.0,1667.0,3901.0,3410.0,951.0,2267.0,2615.0,16628.0,536.0,365.0,1598.0,8597.0,872.0,,,,,,,,,,,,
20,Michigan,LEELANAU COUNTY,2020,MI,8795,7916,16898,21761,10721,11040,902,455,447,1695,876,819,897,461,436,1281,654,627,18737,9172,9565,18267,8929,9338,5863,2966,2897,3906,1958,1948,6124,2947,3177,6956,3370,3586,902,455,447,917,481,436,999,502,497,1030,552,478,927,456,471,914,468,446,965,457,508,1046,540,506,981,493,488,1036,539,497,1169,553,616,1782,818,964,2137,1037,1100,2333,1115,1218,1732,877,855,1277,650,627,806,405,401,808,323,485,55.0,53.9,55.8,MI,2765.0,6387.0,1984.0,133.0,234.0,72.0,75.0,95.0,86.0,116.0,186.0,87.0,49.0,21639.0,10742.0,10897.0,53.7,19483.0,79.0,146.0,938.0,600.0,16.0,374.0,20701.0,70.0,9152.0,63831.0,38074.0,15529.0,6377.0,489.0,145.0,658.0,28.6,8019.0,338.0,4649.0,1026.0,796.0,520.0,237.0,39.0,0.0,230.0,66.0,66.0,1290.0,1492.0,1430.0,690.0,1018.0,334.0,192415.0,310.0,316.0,297.0,330.0,416.0,385.0,623.0,450.0,377.0,835.0,1084.0,1296.0,863.0,495.0,481.0,594.0,865.0,173500.0,256300.0,417900.0,5515.0,9152.0,1133.0,13317.0,1121.0,135.0,161.0,171.0,49.0,80.0,0.0,493.0,179.0,197.0,497.0,476.0,525.0,515.0,384.0,189.0,59.0,123.0,365.0,472.0,450.0,434.0,546.0,545.0,644.0,929.0,,,470.0,612.0,735.0,624.0,308.0,297.0,409.0,506.0,465.0,312.0,178.0,130.0,106.0,287.0,425.0,450.0,445.0,468.0,564.0,793.0,938.0,418.0,788.0,442.0,583.0,777.0,589.0,398.0,426.0,,,,,,,,,,,0.0,10323.0,9774.0,549.0,8260.0,18583.0,10323.0,0.0,2.0,1.0,17.0,30.0,43.0,1112.0,1867.0,4189.0,4124.0,3592.0,506.0,64.0,8229.0,959.0,6.0,7270.0,2052.0,60.0,408.0,1163.0,1055.0,2317.0,609.0,121.0,804.0,362.0,456.0,1010.0,875.0,367.0,227.0,16.0,648.0,0.4642,2922.0,403.0,3623.0,506.0,772.0,826.0,893.0,3813.0,749.0,797.0,340.0,777.0,378.0,26.0,95.0,875.0,667.0,3158.0,16.0,3644.0,80.0,305.0,319.0,3644.0,1315.0,880.0,2172.0,1763.0,2645.0,4019.0,1535.0,10349.0,21431.0,21342.0,21025.0,1339.0,2172.0,5079.0,287.0,863.0,9656.0,1588.0,4189.0,3288.0,865.0,2182.0,2626.0,16610.0,534.0,309.0,1696.0,8793.0,938.0,,,,,,,,,,,302.0,738.0
22,Michigan,SAGINAW COUNTY,2016,MI,44396,45469,94320,192507,93492,99015,11020,5638,5382,20430,10500,9930,10108,5169,4939,19138,9649,9489,156133,74851,81282,150949,72185,78764,70895,35530,35365,44113,21975,22138,52475,25162,27313,35223,15399,19824,11020,5638,5382,11006,5666,5340,11888,6097,5791,13385,6776,6609,13397,6779,6618,12600,6401,6199,10444,5245,5199,10499,5227,5272,10570,5102,5468,11838,5788,6050,13203,6448,6755,14285,6784,7501,13149,6142,7007,11752,5578,6174,8207,3766,4441,5971,2670,3301,4344,1724,2620,4949,1661,3288,41.0,38.9,42.9,MI,28740.0,49188.0,1965.0,1801.0,5798.0,1727.0,1370.0,1801.0,2511.0,2265.0,2019.0,1677.0,739.0,195201.0,94684.0,100517.0,40.4,136263.0,35471.0,2277.0,16003.0,399.0,106.0,4625.0,179198.0,409.0,77928.0,43712.0,24020.0,86792.0,8864.0,1370.0,1022.0,549.0,32.1,56220.0,60.0,30897.0,13091.0,7290.0,4773.0,1988.0,300.0,229.0,5801.0,971.0,872.0,13836.0,13987.0,12135.0,5221.0,8223.0,3058.0,1679850.0,7283.0,4884.0,4794.0,4667.0,5110.0,4800.0,4280.0,4255.0,3613.0,6515.0,7542.0,8958.0,4682.0,2707.0,2063.0,1775.0,709.0,52600.0,92800.0,152300.0,34337.0,77928.0,21708.0,65788.0,2879.0,2697.0,2501.0,4307.0,2660.0,740.0,2054.0,3152.0,92.0,688.0,6140.0,5831.0,6344.0,5916.0,4041.0,2965.0,1553.0,1401.0,4222.0,6052.0,5338.0,5248.0,5424.0,6107.0,6719.0,6770.0,2605.0,3609.0,2325.0,3085.0,3282.0,2563.0,1848.0,1436.0,5371.0,5782.0,5979.0,3810.0,2970.0,1545.0,1572.0,4014.0,5860.0,5382.0,5365.0,5839.0,6300.0,7219.0,7699.0,2689.0,4174.0,2463.0,3188.0,4201.0,3404.0,2652.0,3039.0,146532.0,36154.0,478.0,2315.0,10420.0,2064.0,1860.0,1938.0,1874.0,21725.0,6.0,90367.0,81750.0,8617.0,67158.0,157531.0,90373.0,68.0,102.0,1942.0,2015.0,761.0,664.0,9900.0,10056.0,17972.0,22524.0,43074.0,13815.0,409.0,74396.0,6792.0,0.0,67604.0,19578.0,5814.0,983.0,7987.0,4143.0,21156.0,3608.0,1395.0,12798.0,4196.0,2928.0,11078.0,6404.0,3280.0,1794.0,131.0,4326.0,0.4563,9363.0,6432.0,44812.0,16320.0,9569.0,9661.0,10633.0,50930.0,13994.0,15205.0,2425.0,3266.0,1771.0,572.0,2081.0,9691.0,6004.0,25810.0,95.0,25009.0,2304.0,7134.0,2463.0,25009.0,6558.0,12314.0,20517.0,17352.0,27538.0,28758.0,10172.0,98399.0,188941.0,192810.0,188385.0,33795.0,20517.0,44533.0,1804.0,2577.0,80086.0,12401.0,17972.0,38974.0,10913.0,6836.0,21219.0,131885.0,3924.0,3812.0,13313.0,77509.0,16003.0,,,,,,,,,,,,
23,Michigan,SAGINAW COUNTY,2020,MI,51088,50785,103347,190539,92577,97962,11057,5644,5413,20127,10330,9797,9679,4979,4700,17606,8872,8734,154599,74125,80474,149676,71624,78052,69668,35037,34631,44738,22427,22311,49918,24002,25916,37414,16323,21091,11057,5644,5413,11086,5712,5374,11396,5859,5537,12722,6400,6322,12208,6210,5998,13089,6656,6433,10920,5456,5464,10527,5248,5279,10202,5067,5135,11142,5330,5812,11919,5881,6038,13449,6458,6991,13408,6333,7075,11818,5468,6350,9419,4346,5073,6770,2957,3813,4466,1855,2611,4941,1697,3244,41.1,39.2,43.1,MI,28923.0,49725.0,1965.0,1797.0,5795.0,1764.0,1546.0,1836.0,2501.0,2590.0,2014.0,1787.0,730.0,192778.0,93581.0,99197.0,40.8,133979.0,34953.0,2424.0,16151.0,422.0,215.0,4622.0,176627.0,358.0,78648.0,46919.0,26625.0,87377.0,8729.0,1713.0,1012.0,575.0,31.8,56288.0,96.0,30164.0,12614.0,7187.0,4630.0,2032.0,331.0,194.0,5427.0,983.0,851.0,13424.0,14712.0,12243.0,5545.0,7780.0,3338.0,1723400.0,6599.0,4347.0,4499.0,4552.0,5079.0,4564.0,3729.0,4179.0,4360.0,7003.0,7299.0,9043.0,5474.0,3160.0,2442.0,2319.0,760.0,56200.0,97700.0,161000.0,34275.0,78648.0,22360.0,66367.0,2939.0,2582.0,2287.0,4439.0,2508.0,944.0,2079.0,3206.0,438.0,967.0,6555.0,5627.0,5824.0,5989.0,3921.0,2835.0,1583.0,1180.0,4022.0,6364.0,5301.0,5126.0,5270.0,5835.0,6457.0,6809.0,,,2406.0,2989.0,3818.0,2738.0,1693.0,1669.0,5373.0,5515.0,5768.0,3690.0,2813.0,1651.0,1389.0,3571.0,6233.0,5302.0,5561.0,5232.0,6017.0,6771.0,7519.0,2634.0,4401.0,2570.0,3104.0,4854.0,3322.0,2927.0,2980.0,,,,,,,,,,,29.0,89316.0,82611.0,6705.0,67135.0,156480.0,89345.0,91.0,143.0,1832.0,1964.0,779.0,652.0,9331.0,10025.0,18070.0,22150.0,41707.0,13022.0,337.0,75313.0,7517.0,0.0,67796.0,18786.0,6274.0,935.0,8225.0,4411.0,21653.0,4103.0,1290.0,13119.0,4017.0,2982.0,10529.0,6325.0,3251.0,1771.0,173.0,4917.0,0.4644,9757.0,6417.0,44370.0,15551.0,9073.0,9381.0,10334.0,47869.0,12289.0,13876.0,2588.0,3211.0,1860.0,502.0,1838.0,9552.0,5675.0,25226.0,68.0,26189.0,2329.0,7225.0,2460.0,26189.0,6697.0,13619.0,18586.0,17520.0,26964.0,29284.0,10258.0,96957.0,186434.0,190464.0,186121.0,32975.0,18586.0,45954.0,2022.0,2620.0,81353.0,13322.0,18070.0,38443.0,11025.0,6856.0,21607.0,132027.0,4047.0,4061.0,13583.0,78733.0,16151.0,,,,,,,,,,,2513.0,3612.0
25,North Carolina,NASH COUNTY,2016,NC,23235,23319,47665,93953,45145,48808,5254,2681,2573,10509,5330,5179,5290,2753,2537,8319,4232,4087,75573,35778,39795,72900,34381,38519,34094,16867,17227,21775,10551,11224,26489,12649,13840,16317,6949,9368,5254,2681,2573,5730,2932,2798,6069,3067,3002,6304,3300,3004,6015,3016,2999,5633,2791,2842,5128,2493,2635,5285,2528,2757,5729,2739,2990,6187,2984,3203,6915,3303,3612,6905,3369,3536,6482,2993,3489,5876,2655,3221,4039,1883,2156,2763,1166,1597,1829,697,1132,1810,548,1262,41.5,39.6,43.0,NC,12738.0,23940.0,1984.0,1334.0,2709.0,1077.0,1036.0,1545.0,1295.0,1300.0,1370.0,1029.0,263.0,94385.0,45309.0,49076.0,41.2,48648.0,36483.0,826.0,6163.0,587.0,128.0,1550.0,88222.0,134.0,36678.0,43804.0,24106.0,42404.0,5726.0,1080.0,593.0,497.0,31.8,23720.0,36.0,15378.0,5946.0,2730.0,1674.0,986.0,56.0,14.0,3216.0,477.0,471.0,7153.0,7638.0,6914.0,2630.0,3909.0,2208.0,842865.0,3316.0,2698.0,2454.0,2379.0,1836.0,2248.0,1912.0,1946.0,2146.0,2936.0,3681.0,3646.0,2079.0,1105.0,1231.0,1065.0,707.0,75400.0,120500.0,189200.0,16442.0,36678.0,12958.0,26843.0,1015.0,1646.0,2039.0,1906.0,575.0,243.0,157.0,7973.0,191.0,592.0,1265.0,2710.0,3153.0,3101.0,1999.0,1270.0,638.0,547.0,1824.0,2568.0,2565.0,2401.0,3122.0,3186.0,3465.0,3197.0,1293.0,1767.0,1086.0,1565.0,1607.0,1023.0,688.0,534.0,2651.0,2612.0,3339.0,1920.0,1316.0,396.0,479.0,1981.0,2677.0,2652.0,2869.0,3126.0,3431.0,3628.0,3542.0,1362.0,2198.0,1453.0,1398.0,2026.0,1415.0,1388.0,1217.0,50234.0,36659.0,624.0,919.0,4039.0,951.0,574.0,1372.0,471.0,8028.0,26.0,46005.0,41651.0,4354.0,29435.0,75466.0,46031.0,100.0,48.0,2514.0,2190.0,312.0,150.0,3642.0,3840.0,8474.0,10382.0,21485.0,7312.0,122.0,38395.0,4342.0,12.0,34053.0,8184.0,4214.0,1236.0,3667.0,2827.0,9159.0,1899.0,552.0,6806.0,1927.0,2047.0,5192.0,2704.0,2153.0,1482.0,37.0,3288.0,0.4733,4141.0,2132.0,21733.0,7514.0,4877.0,5214.0,5699.0,23796.0,4986.0,10249.0,1119.0,1596.0,978.0,579.0,1612.0,4381.0,2643.0,12908.0,2.0,12642.0,1110.0,3175.0,2828.0,12642.0,4230.0,7515.0,10487.0,6777.0,11351.0,12682.0,6182.0,49049.0,92224.0,93441.0,91424.0,16057.0,10487.0,19852.0,647.0,952.0,40446.0,6073.0,8474.0,18348.0,4204.0,3121.0,9575.0,64449.0,1525.0,1843.0,5674.0,39494.0,6163.0,,,,,,,,,,,,
26,North Carolina,NASH COUNTY,2020,NC,25947,25827,52271,94298,45143,49155,5275,2620,2655,10317,5226,5091,4941,2470,2471,8304,4262,4042,76238,36087,40151,73765,34827,38938,33798,16734,17064,21796,10604,11192,25709,12262,13447,17956,7699,10257,5275,2620,2655,5588,2764,2824,5972,3064,2908,6184,3204,2980,5818,2926,2892,6028,3061,2967,5216,2568,2648,5241,2517,2724,5311,2458,2853,6082,2941,3141,6272,2977,3295,6883,3347,3536,6472,2997,3475,5967,2696,3271,4922,2253,2669,3238,1414,1824,1986,748,1238,1843,588,1255,41.7,39.7,43.5,NC,12414.0,24306.0,1986.0,1515.0,2564.0,929.0,800.0,1201.0,1468.0,1405.0,1309.0,1058.0,357.0,94003.0,45125.0,48878.0,41.4,47356.0,36713.0,832.0,6408.0,574.0,92.0,2006.0,87595.0,201.0,36720.0,48362.0,26980.0,42876.0,6156.0,747.0,517.0,526.0,29.8,24114.0,101.0,15423.0,6008.0,2955.0,1987.0,844.0,115.0,9.0,3053.0,525.0,525.0,7750.0,8582.0,6339.0,2256.0,4261.0,2341.0,903200.0,2646.0,2718.0,2349.0,2001.0,1788.0,1869.0,1616.0,1896.0,2011.0,3043.0,3866.0,3904.0,2365.0,1755.0,1518.0,1375.0,769.0,80400.0,126200.0,191100.0,16808.0,36720.0,12606.0,27588.0,908.0,1472.0,1789.0,1761.0,554.0,166.0,390.0,8242.0,521.0,800.0,1245.0,2704.0,2945.0,3099.0,1987.0,1302.0,528.0,583.0,1805.0,2769.0,2452.0,2198.0,3041.0,3049.0,3386.0,3193.0,,,1065.0,1666.0,1850.0,1204.0,593.0,577.0,2582.0,2864.0,2922.0,1916.0,1149.0,540.0,377.0,2047.0,2817.0,2599.0,2963.0,2829.0,3239.0,3576.0,3373.0,1703.0,2043.0,1414.0,1607.0,2271.0,1525.0,1342.0,1180.0,,,,,,,,,,,24.0,46235.0,43343.0,2892.0,29334.0,75593.0,46259.0,113.0,29.0,2376.0,2264.0,344.0,177.0,3426.0,3748.0,9014.0,10818.0,21019.0,6586.0,170.0,39576.0,3997.0,10.0,35579.0,8089.0,3768.0,1208.0,3940.0,3063.0,9623.0,2290.0,436.0,7003.0,1978.0,1991.0,5323.0,2835.0,2504.0,1149.0,25.0,3924.0,0.4735,4491.0,2077.0,21746.0,6187.0,4996.0,4814.0,5212.0,22321.0,4559.0,9439.0,1219.0,1704.0,917.0,500.0,1525.0,4188.0,2704.0,12757.0,33.0,13864.0,796.0,2907.0,2611.0,13864.0,4366.0,8074.0,9821.0,7218.0,10739.0,12531.0,6619.0,48359.0,92007.0,92663.0,90556.0,14269.0,9821.0,19963.0,514.0,1442.0,42118.0,6547.0,9014.0,18344.0,4039.0,3346.0,9377.0,64653.0,1897.0,2188.0,5062.0,40676.0,6408.0,,,,,,,,,,,1390.0,1739.0
28,North Carolina,NEW HANOVER COUNTY,2016,NC,50979,55344,111905,224809,107287,117522,11274,5838,5436,21677,10980,10697,9443,4840,4603,29786,13942,15844,187230,88091,99139,182415,85629,96786,94903,46232,48671,57987,28636,29351,57198,26757,30441,37444,16294,21150,11274,5838,5436,12061,6090,5971,11929,6076,5853,14993,7052,7941,21923,10544,11379,15403,7694,7709,14593,7095,7498,14414,7047,7367,13577,6800,6777,14300,6942,7358,14143,6830,7313,14581,6654,7927,14174,6331,7843,13293,5994,7299,9424,4303,5121,6073,2719,3354,4175,1740,2435,4479,1538,2941,38.5,37.2,39.7,NC,37371.0,52228.0,1989.0,2214.0,9794.0,3904.0,2117.0,3067.0,4061.0,4408.0,4729.0,2725.0,991.0,216430.0,104029.0,112401.0,38.4,166391.0,30210.0,2845.0,11574.0,618.0,352.0,4352.0,204856.0,924.0,89599.0,51232.0,30375.0,105579.0,15980.0,3031.0,1025.0,783.0,31.6,51589.0,687.0,36640.0,13387.0,8565.0,5674.0,2302.0,581.0,8.0,4822.0,1253.0,1028.0,19725.0,22749.0,17516.0,5695.0,8698.0,2952.0,1975460.0,7377.0,4793.0,4916.0,5049.0,4510.0,4767.0,4002.0,4448.0,3747.0,7712.0,8762.0,10131.0,7754.0,3767.0,3607.0,4257.0,928.0,151700.0,215800.0,334200.0,38697.0,89599.0,38010.0,64787.0,8864.0,2940.0,3627.0,5679.0,7761.0,4648.0,2425.0,4835.0,402.0,2419.0,4295.0,5742.0,6264.0,5928.0,3474.0,3070.0,1766.0,2099.0,6332.0,7384.0,7441.0,6535.0,7148.0,6753.0,6704.0,6705.0,2618.0,3311.0,2334.0,3028.0,3872.0,2572.0,1675.0,1274.0,5540.0,5733.0,5761.0,3465.0,4006.0,2490.0,2030.0,5983.0,7369.0,7461.0,6518.0,7396.0,7152.0,7190.0,7948.0,3136.0,3895.0,3117.0,3510.0,4343.0,3288.0,2486.0,2584.0,175310.0,30589.0,636.0,2902.0,11420.0,1142.0,1356.0,1915.0,1803.0,17076.0,565.0,114763.0,105891.0,8872.0,63662.0,178990.0,115328.0,218.0,166.0,1832.0,1778.0,523.0,271.0,10663.0,10249.0,36940.0,43517.0,41907.0,12275.0,858.0,91464.0,8561.0,0.0,82903.0,25501.0,12252.0,272.0,15032.0,7141.0,25020.0,6580.0,2920.0,6984.0,5942.0,3244.0,13521.0,12745.0,3997.0,2493.0,190.0,3594.0,0.4831,18715.0,6860.0,32556.0,11217.0,9529.0,9310.0,8743.0,55699.0,20556.0,11320.0,2189.0,5813.0,3472.0,512.0,1540.0,6879.0,5686.0,26091.0,155.0,41709.0,2687.0,5479.0,7026.0,41709.0,8145.0,8271.0,27013.0,20753.0,31695.0,37486.0,11345.0,112664.0,210024.0,214116.0,209687.0,37167.0,27013.0,47216.0,2106.0,7335.0,104263.0,13749.0,36940.0,27235.0,11026.0,12865.0,22441.0,146747.0,2498.0,3718.0,13377.0,96928.0,11574.0,,,,,,,,,,,,
29,North Carolina,NEW HANOVER COUNTY,2020,NC,66146,63333,131840,234473,111563,122910,11110,5682,5428,21675,11101,10574,9876,4980,4896,29390,13596,15794,196764,92312,104452,191812,89800,102012,96649,46729,49920,59847,29405,30442,59428,27993,31435,43147,18806,24341,11110,5682,5428,11740,5996,5744,12399,6357,6042,15531,7253,8278,21271,10071,11200,16415,8198,8217,14485,7194,7291,14809,7166,7643,14138,6847,7291,14878,7338,7540,13912,6719,7193,15418,7188,8230,15220,6748,8472,14184,6262,7922,11882,5361,6521,7664,3466,4198,4643,2028,2615,4774,1689,3085,39.8,38.6,41.1,NC,40496.0,53140.0,1990.0,2686.0,10950.0,4044.0,2358.0,2793.0,4375.0,4501.0,4279.0,2914.0,1164.0,224231.0,107274.0,116957.0,38.7,172855.0,30738.0,2970.0,12159.0,394.0,250.0,4680.0,212072.0,725.0,93636.0,52716.0,32629.0,109244.0,15608.0,2559.0,990.0,840.0,32.6,53572.0,809.0,37077.0,12939.0,8372.0,5129.0,2960.0,258.0,25.0,4567.0,1341.0,1137.0,20920.0,23691.0,18384.0,5512.0,9137.0,2761.0,2010355.0,7859.0,4904.0,4809.0,5060.0,4790.0,4714.0,4167.0,3819.0,4480.0,7020.0,9113.0,10964.0,7476.0,4610.0,4583.0,5268.0,978.0,160200.0,233700.0,356000.0,39671.0,93636.0,40064.0,66214.0,7454.0,3642.0,4417.0,6760.0,7858.0,5422.0,2978.0,4472.0,3078.0,3476.0,4350.0,5817.0,5906.0,6315.0,3700.0,3400.0,1907.0,2016.0,6425.0,7626.0,7194.0,7208.0,6708.0,6989.0,6807.0,6684.0,,,2369.0,3612.0,4271.0,2735.0,1768.0,1495.0,5497.0,5877.0,5757.0,3524.0,4180.0,2418.0,2298.0,6527.0,7773.0,7466.0,6911.0,7276.0,7215.0,7275.0,8191.0,3065.0,4530.0,3398.0,3941.0,5034.0,3517.0,2463.0,2824.0,,,,,,,,,,,557.0,116158.0,109010.0,7148.0,69844.0,186559.0,116715.0,142.0,159.0,1760.0,1782.0,577.0,287.0,11002.0,10606.0,40253.0,46639.0,42393.0,12176.0,719.0,95568.0,8008.0,0.0,87560.0,26575.0,12040.0,341.0,15010.0,7150.0,25365.0,8192.0,2869.0,7343.0,5810.0,2906.0,14585.0,13284.0,3777.0,2378.0,244.0,4396.0,0.4917,19714.0,7164.0,32914.0,10698.0,9415.0,9442.0,9523.0,56333.0,20692.0,10768.0,2461.0,6532.0,3583.0,546.0,1600.0,6099.0,5981.0,26802.0,194.0,43394.0,2387.0,5986.0,5560.0,43394.0,8995.0,9628.0,25921.0,21072.0,32564.0,38667.0,12023.0,115240.0,217333.0,221872.0,217497.0,37602.0,25921.0,49018.0,1822.0,7535.0,107276.0,15037.0,40253.0,27590.0,11236.0,13805.0,22745.0,152667.0,2702.0,3933.0,12701.0,99741.0,12159.0,,,,,,,,,,,2515.0,3807.0
31,North Carolina,SCOTLAND COUNTY,2016,NC,7319,6256,13928,35309,17571,17738,2209,1151,1058,4117,2146,1971,1777,948,829,3583,1817,1766,28154,13844,14310,27206,13326,13880,13258,6927,6331,8297,4371,3926,9285,4571,4714,6041,2567,3474,2209,1151,1058,2334,1181,1153,2182,1174,1008,2352,1230,1122,2609,1326,1283,2175,1182,993,1966,1039,927,2094,1097,997,2062,1053,1009,2263,1211,1052,2290,1107,1183,2441,1197,1244,2291,1056,1235,2163,1002,1161,1508,704,804,987,413,574,667,250,417,716,198,518,39.2,37.1,41.7,NC,4255.0,8865.0,1978.0,748.0,1507.0,504.0,294.0,212.0,424.0,363.0,433.0,236.0,203.0,35711.0,17684.0,18027.0,39.4,15868.0,13688.0,286.0,977.0,3763.0,19.0,1102.0,34734.0,19.0,13120.0,30013.0,16192.0,15173.0,2053.0,162.0,150.0,422.0,38.7,8196.0,0.0,4122.0,2521.0,915.0,534.0,233.0,74.0,74.0,1606.0,183.0,148.0,2187.0,2000.0,1634.0,522.0,1127.0,562.0,238635.0,2186.0,1403.0,1147.0,915.0,907.0,606.0,656.0,631.0,439.0,977.0,1050.0,1058.0,621.0,298.0,163.0,63.0,626.0,50100.0,83200.0,133700.0,5256.0,13120.0,4924.0,9178.0,152.0,523.0,664.0,534.0,221.0,114.0,121.0,3666.0,11.0,165.0,875.0,1135.0,1136.0,1339.0,742.0,528.0,349.0,199.0,739.0,1072.0,1050.0,1157.0,1137.0,1197.0,1150.0,1108.0,527.0,698.0,410.0,536.0,596.0,288.0,332.0,259.0,1109.0,1208.0,992.0,730.0,515.0,178.0,347.0,811.0,913.0,953.0,965.0,1187.0,1085.0,1232.0,1293.0,498.0,751.0,434.0,623.0,706.0,524.0,396.0,577.0,16249.0,13730.0,3777.0,286.0,1292.0,208.0,197.0,524.0,210.0,2875.0,22.0,13140.0,11384.0,1756.0,15282.0,28444.0,13162.0,10.0,13.0,899.0,892.0,40.0,49.0,1143.0,1153.0,2193.0,2655.0,8391.0,3848.0,19.0,10536.0,792.0,0.0,9744.0,3783.0,1208.0,352.0,840.0,636.0,3221.0,349.0,74.0,2201.0,579.0,510.0,1487.0,490.0,387.0,258.0,20.0,880.0,0.4741,1281.0,2387.0,8123.0,3678.0,1943.0,1924.0,1940.0,9217.0,2289.0,5072.0,403.0,414.0,213.0,203.0,711.0,1850.0,886.0,4680.0,14.0,3245.0,308.0,1484.0,542.0,3245.0,921.0,2154.0,2908.0,2156.0,4850.0,4162.0,1744.0,17973.0,33282.0,35274.0,34306.0,10480.0,2908.0,6985.0,147.0,312.0,11106.0,2170.0,2193.0,6695.0,1164.0,906.0,3651.0,23654.0,405.0,734.0,1623.0,10794.0,977.0,,,,,,,,,,,,
32,North Carolina,SCOTLAND COUNTY,2020,NC,7186,7473,14775,34823,17261,17562,2293,1171,1122,4083,2096,1987,1654,866,788,3229,1654,1575,27609,13563,14046,26793,13128,13665,12771,6730,6041,8305,4418,3887,8728,4285,4443,6531,2771,3760,2293,1171,1122,2205,1107,1098,2295,1197,1098,2111,1130,981,2355,1182,1173,2395,1305,1090,2040,1090,950,1939,1037,902,1931,986,945,2219,1168,1051,1967,954,1013,2325,1116,1209,2217,1047,1170,2070,917,1153,1824,879,945,1169,493,676,725,261,464,743,221,522,39.4,37.0,42.0,NC,4289.0,8824.0,1978.0,728.0,1481.0,451.0,214.0,282.0,447.0,378.0,511.0,351.0,236.0,35262.0,17398.0,17864.0,39.4,15376.0,13727.0,274.0,1030.0,4001.0,0.0,846.0,34232.0,28.0,13113.0,35617.0,18242.0,15295.0,2182.0,147.0,119.0,448.0,34.5,8034.0,0.0,3843.0,2495.0,778.0,471.0,202.0,75.0,30.0,1717.0,227.0,135.0,2324.0,2049.0,1902.0,641.0,1151.0,454.0,253450.0,1914.0,1312.0,1052.0,808.0,760.0,619.0,629.0,607.0,559.0,1122.0,1156.0,1303.0,563.0,413.0,213.0,83.0,662.0,51800.0,84500.0,135000.0,5309.0,13113.0,5079.0,9427.0,172.0,509.0,721.0,463.0,152.0,121.0,131.0,3599.0,168.0,213.0,861.0,1116.0,1118.0,1288.0,611.0,552.0,273.0,258.0,676.0,1161.0,1032.0,1090.0,1164.0,1170.0,1084.0,1079.0,,,438.0,579.0,618.0,389.0,303.0,215.0,1086.0,1320.0,975.0,596.0,484.0,235.0,253.0,747.0,1017.0,966.0,1120.0,955.0,1020.0,1174.0,1270.0,493.0,735.0,537.0,654.0,726.0,607.0,378.0,516.0,,,,,,,,,,,0.0,13808.0,12081.0,1727.0,14177.0,27985.0,13808.0,0.0,28.0,868.0,859.0,31.0,38.0,1077.0,1114.0,2320.0,2804.0,8110.0,3852.0,28.0,11201.0,934.0,0.0,10267.0,3751.0,1103.0,315.0,1128.0,410.0,3436.0,364.0,109.0,2655.0,576.0,499.0,1421.0,561.0,317.0,290.0,16.0,1006.0,0.4639,1355.0,2595.0,8063.0,3641.0,2024.0,1935.0,1688.0,8428.0,1671.0,4771.0,319.0,433.0,273.0,195.0,736.0,1684.0,877.0,4517.0,12.0,3359.0,369.0,1504.0,484.0,3359.0,888.0,2834.0,2416.0,2584.0,4685.0,4076.0,1842.0,17714.0,32625.0,34857.0,34023.0,9030.0,2416.0,7165.0,207.0,222.0,11721.0,2098.0,2320.0,6785.0,1074.0,914.0,3993.0,23674.0,553.0,724.0,1701.0,11499.0,1030.0,,,,,,,,,,,520.0,664.0
34,Ohio,LORAIN COUNTY,2016,OH,66949,66818,140562,306607,151083,155524,17520,9031,8489,34382,17700,16682,16844,8631,8213,27039,14002,13037,246338,120064,126274,237861,115721,122140,110811,56273,54538,71082,35759,35323,86801,42709,44092,52939,23251,29688,17520,9031,8489,18698,9655,9043,19838,10164,9674,20647,10601,10046,19082,9913,9169,16734,8669,8065,17016,8491,8525,18496,9196,9300,18836,9403,9433,20775,10446,10329,22085,10930,11155,23159,11254,11905,20782,10079,10703,18439,8731,9708,12284,5716,6568,8869,3874,4995,6335,2579,3756,7012,2351,4661,41.4,39.9,43.0,OH,37952.0,79657.0,1970.0,2618.0,7793.0,2675.0,2203.0,3171.0,3308.0,3877.0,3982.0,3084.0,1014.0,304091.0,149762.0,154329.0,41.2,240839.0,23852.0,2942.0,28288.0,490.0,133.0,7464.0,275803.0,853.0,117609.0,53459.0,27537.0,128766.0,11157.0,1968.0,1331.0,600.0,30.5,83884.0,273.0,54150.0,20407.0,12378.0,8414.0,3443.0,338.0,183.0,8029.0,1439.0,1304.0,18171.0,18473.0,19929.0,10496.0,18130.0,10572.0,3191360.0,8218.0,5771.0,6131.0,6002.0,5783.0,5555.0,5822.0,5755.0,5436.0,10425.0,12462.0,15387.0,10289.0,5303.0,5178.0,4092.0,748.0,89600.0,138600.0,211600.0,57445.0,117609.0,33725.0,96294.0,8460.0,3777.0,3437.0,3326.0,5362.0,1793.0,3453.0,2822.0,311.0,2229.0,8167.0,8951.0,9762.0,10463.0,6478.0,4148.0,2004.0,2002.0,5774.0,8337.0,8528.0,8770.0,10173.0,10558.0,11314.0,11120.0,3963.0,5740.0,3545.0,4563.0,5180.0,3858.0,2533.0,1998.0,8534.0,9530.0,9514.0,6216.0,3871.0,2126.0,1820.0,5019.0,7884.0,8636.0,8865.0,10265.0,10483.0,11679.0,11518.0,4412.0,6061.0,3830.0,5022.0,6121.0,4633.0,3479.0,4811.0,259775.0,25839.0,803.0,2951.0,14144.0,5671.0,5638.0,4741.0,1585.0,28473.0,94.0,151838.0,139444.0,12394.0,91196.0,243128.0,151932.0,139.0,130.0,1698.0,1554.0,1394.0,1171.0,18330.0,17950.0,30342.0,40059.0,69448.0,20462.0,764.0,125046.0,10184.0,52.0,114862.0,25604.0,14975.0,1056.0,12753.0,7811.0,34367.0,8266.0,2237.0,24163.0,6172.0,5316.0,15462.0,12091.0,6537.0,3213.0,165.0,6962.0,0.4408,18486.0,9516.0,66926.0,17098.0,15583.0,16062.0,16986.0,77031.0,17202.0,22530.0,3476.0,6745.0,3723.0,702.0,3016.0,15318.0,9715.0,42695.0,114.0,46229.0,3255.0,8353.0,3333.0,46229.0,11697.0,22831.0,33905.0,24782.0,38399.0,46653.0,17242.0,158306.0,294509.0,301061.0,294013.0,41156.0,33905.0,69595.0,3116.0,4710.0,136657.0,20117.0,30342.0,57548.0,17749.0,14272.0,31729.0,207879.0,11309.0,6326.0,18541.0,131947.0,28288.0,,,,,,,,,,,,
35,Ohio,LORAIN COUNTY,2020,OH,72792,76719,151668,309833,152425,157408,17139,8868,8271,34259,17561,16698,16106,8207,7899,26473,13680,12793,250472,121925,128547,242329,117789,124540,111163,56377,54786,72534,36512,36022,85126,41782,43344,58196,25815,32381,17139,8868,8271,18730,9611,9119,19479,9972,9507,20095,10314,9781,18534,9551,8983,17950,9213,8737,17445,8838,8607,18640,9251,9389,18499,9210,9289,20044,9990,10054,20556,10324,10232,22495,10914,11581,22031,10554,11477,18890,8987,9903,15149,7023,8126,10106,4467,5639,6895,2826,4069,7156,2512,4644,41.9,40.3,43.4,OH,39454.0,80082.0,1970.0,2830.0,8160.0,2733.0,1738.0,3169.0,2962.0,3624.0,4166.0,3142.0,1414.0,306713.0,151054.0,155659.0,41.8,240740.0,23924.0,3348.0,29923.0,695.0,238.0,7779.0,276790.0,751.0,119536.0,56965.0,29777.0,130429.0,10893.0,2004.0,1346.0,620.0,30.4,85598.0,191.0,55250.0,20399.0,11947.0,7584.0,3763.0,403.0,197.0,8452.0,1744.0,1488.0,17168.0,19628.0,19971.0,12942.0,17425.0,10806.0,3299215.0,8075.0,5307.0,6080.0,5458.0,5403.0,5479.0,5499.0,6029.0,4839.0,10450.0,12191.0,16340.0,10828.0,6330.0,6036.0,5192.0,768.0,92900.0,145100.0,226300.0,58125.0,119536.0,33938.0,97739.0,7678.0,4161.0,3593.0,3434.0,5593.0,1970.0,3245.0,3016.0,1767.0,2910.0,7283.0,8955.0,9364.0,10522.0,6491.0,4135.0,2204.0,1988.0,5682.0,8683.0,8526.0,8345.0,10262.0,10399.0,10951.0,11313.0,,,3763.0,5079.0,5494.0,3955.0,2726.0,2299.0,8508.0,9400.0,9345.0,6214.0,3888.0,2036.0,1908.0,5099.0,8127.0,8521.0,8826.0,10051.0,10337.0,11139.0,11674.0,4671.0,6181.0,3758.0,5699.0,6798.0,4824.0,3644.0,5011.0,,,,,,,,,,,148.0,150868.0,141361.0,9507.0,95610.0,246626.0,151016.0,169.0,160.0,1707.0,1531.0,1448.0,1222.0,17682.0,18211.0,31822.0,39999.0,68799.0,19613.0,674.0,127890.0,11152.0,27.0,116738.0,26357.0,14768.0,1136.0,13006.0,8647.0,34819.0,8169.0,2126.0,23229.0,5937.0,5761.0,16095.0,12524.0,6162.0,3750.0,241.0,7414.0,0.448,18850.0,9328.0,66521.0,15982.0,14912.0,15425.0,17230.0,75416.0,16603.0,21800.0,3613.0,6857.0,3382.0,695.0,3547.0,14869.0,9618.0,42581.0,122.0,48364.0,3224.0,8195.0,3449.0,48364.0,12120.0,24350.0,31545.0,24982.0,39376.0,47549.0,17002.0,157924.0,297220.0,303568.0,296330.0,40799.0,31545.0,71981.0,2825.0,4638.0,139310.0,21696.0,31822.0,57341.0,17628.0,14566.0,32657.0,210974.0,11564.0,6521.0,18647.0,134672.0,29923.0,,,,,,,,,,,4077.0,5841.0
37,Ohio,MAHONING COUNTY,2016,OH,57381,53616,115072,230269,112289,117980,12009,6081,5928,23182,11961,11221,11559,5960,5599,19806,10138,9668,189407,91305,98102,183519,88287,95232,80707,41316,39391,52129,26662,25467,65558,31874,33684,46026,19613,26413,12009,6081,5928,12476,6474,6002,13493,6931,6562,13957,7180,6777,14621,7474,7147,13874,7365,6509,12421,6271,6150,12971,6521,6450,12863,6505,6358,14025,7012,7013,15788,7728,8060,18246,8696,9550,17499,8438,9061,15103,7228,7875,9832,4409,5423,7617,3241,4376,5938,2329,3609,7536,2406,5130,43.7,41.4,45.8,OH,37123.0,60361.0,1960.0,2902.0,7021.0,2602.0,1768.0,2836.0,3197.0,3426.0,2932.0,3018.0,1213.0,233015.0,113472.0,119543.0,43.4,178720.0,34824.0,1867.0,12442.0,408.0,141.0,4598.0,220573.0,1106.0,97484.0,41872.0,24651.0,111275.0,13791.0,2034.0,3174.0,512.0,30.4,66569.0,100.0,37885.0,13653.0,7062.0,4565.0,2181.0,144.0,172.0,6591.0,1092.0,956.0,15921.0,19973.0,16355.0,7112.0,8656.0,3987.0,2108985.0,8981.0,6562.0,7201.0,7249.0,6243.0,5506.0,5231.0,4592.0,4205.0,7919.0,9236.0,10484.0,6235.0,3092.0,2407.0,2341.0,637.0,60000.0,98300.0,158900.0,41705.0,97484.0,30915.0,84789.0,3294.0,4194.0,4186.0,4843.0,3551.0,1775.0,3037.0,1593.0,19.0,651.0,8800.0,6165.0,6750.0,7142.0,4567.0,2867.0,1746.0,1471.0,4464.0,6928.0,6482.0,6397.0,6971.0,7251.0,8303.0,9093.0,3625.0,4485.0,3151.0,3142.0,4373.0,3168.0,2456.0,2475.0,5799.0,6297.0,6804.0,4401.0,2606.0,1418.0,1387.0,4439.0,6432.0,6242.0,6125.0,7014.0,7318.0,8905.0,9809.0,3998.0,4704.0,3023.0,3791.0,5583.0,4284.0,3605.0,5559.0,186987.0,36102.0,661.0,1867.0,12449.0,1842.0,1901.0,3477.0,1807.0,23319.0,123.0,113044.0,103000.0,10044.0,77850.0,191017.0,113167.0,90.0,45.0,1795.0,2013.0,759.0,515.0,12802.0,14503.0,24386.0,30156.0,47925.0,16463.0,1106.0,93667.0,7361.0,0.0,86306.0,19114.0,9903.0,972.0,10225.0,6139.0,26767.0,4911.0,1729.0,14547.0,5051.0,3493.0,13573.0,8190.0,4632.0,2771.0,198.0,5808.0,0.4649,13147.0,7206.0,62455.0,19716.0,10457.0,11255.0,12219.0,54778.0,12067.0,16299.0,2066.0,5132.0,2651.0,625.0,1750.0,13077.0,7456.0,32757.0,110.0,32586.0,2763.0,8635.0,3169.0,32586.0,8810.0,16381.0,25565.0,19658.0,35480.0,35367.0,12194.0,120082.0,225694.0,230997.0,226108.0,40823.0,25565.0,48405.0,1459.0,3075.0,100590.0,11581.0,24386.0,55762.0,11723.0,9637.0,25101.0,164692.0,3743.0,5284.0,16484.0,97515.0,12442.0,,,,,,,,,,,,
38,Ohio,MAHONING COUNTY,2020,OH,56346,58601,116348,228683,111963,116720,12122,6077,6045,22438,11580,10858,10912,5652,5260,19980,10229,9751,188755,91533,97222,183211,88654,94557,81053,41855,39198,52806,27311,25495,61414,29852,31562,49011,21262,27749,12122,6077,6045,12089,6210,5879,12994,6707,6287,13849,7181,6668,14398,7363,7035,14587,7725,6862,12882,6743,6139,12799,6469,6330,12538,6374,6164,13382,6655,6727,14016,7043,6973,16353,7883,8470,17663,8271,9392,15632,7451,8181,11906,5549,6357,8293,3513,4780,5940,2389,3551,7240,2360,4880,43.4,41.2,45.8,OH,38161.0,59891.0,1960.0,2722.0,6443.0,2562.0,1980.0,2634.0,3451.0,3166.0,3248.0,3134.0,1363.0,231064.0,112742.0,118322.0,43.5,175986.0,33736.0,1938.0,13489.0,527.0,105.0,5277.0,217575.0,1308.0,98052.0,44682.0,27429.0,111447.0,13395.0,2267.0,2601.0,534.0,29.5,67349.0,88.0,37621.0,13365.0,6904.0,4951.0,1672.0,134.0,147.0,6461.0,1247.0,1122.0,16025.0,19184.0,17822.0,7232.0,8847.0,4027.0,2164180.0,8457.0,5959.0,6334.0,6348.0,5949.0,5553.0,5622.0,5093.0,4367.0,7567.0,8725.0,11372.0,6872.0,4024.0,3033.0,2777.0,670.0,62200.0,103400.0,165400.0,41239.0,98052.0,30703.0,85678.0,3359.0,3752.0,4152.0,4745.0,3388.0,1706.0,3316.0,1340.0,251.0,814.0,8300.0,6116.0,6678.0,6841.0,4488.0,2797.0,1787.0,1278.0,4419.0,7353.0,6449.0,6296.0,6735.0,7024.0,7823.0,8370.0,,,3073.0,3872.0,4616.0,3315.0,2243.0,2548.0,5893.0,5816.0,6806.0,4214.0,2567.0,1320.0,1288.0,4527.0,6663.0,6152.0,6264.0,6572.0,7047.0,8098.0,9682.0,3855.0,4980.0,3289.0,4274.0,5710.0,4669.0,3417.0,5219.0,,,,,,,,,,,38.0,114014.0,104885.0,9129.0,76034.0,190086.0,114052.0,163.0,52.0,1702.0,1997.0,805.0,542.0,12006.0,14325.0,26177.0,30563.0,46852.0,16166.0,1294.0,94331.0,7441.0,0.0,86890.0,19477.0,8399.0,725.0,10049.0,6256.0,27597.0,4618.0,1470.0,14234.0,5355.0,3512.0,14231.0,8951.0,4875.0,3012.0,188.0,6020.0,0.4736,13481.0,6677.0,62331.0,19450.0,10365.0,10932.0,11877.0,52325.0,10957.0,14934.0,1769.0,5111.0,2650.0,628.0,1694.0,12841.0,7145.0,31838.0,109.0,33964.0,2514.0,8353.0,2082.0,33964.0,8646.0,17366.0,24842.0,20067.0,35173.0,35457.0,13049.0,117984.0,223948.0,229010.0,224327.0,39441.0,24842.0,47306.0,1330.0,3461.0,102018.0,12254.0,26177.0,56206.0,10935.0,10151.0,24117.0,164229.0,4141.0,5507.0,15772.0,98557.0,13489.0,,,,,,,,,,,3799.0,4822.0
40,Ohio,MONTGOMERY COUNTY,2016,OH,122016,123909,258301,531818,255974,275844,32767,16818,15949,58417,29812,28605,27412,14034,13378,49675,25041,24634,427143,202350,224793,413222,195310,217912,201401,99622,101779,130960,64020,66940,140672,67354,73318,91915,38895,53020,32767,16818,15949,32546,16632,15914,32517,16653,15864,34350,17546,16804,36091,18056,18035,36900,18270,18630,33637,16495,17142,31564,15366,16198,28859,13889,14970,32662,15825,16837,35753,17364,18389,37925,18110,19815,34332,16055,18277,30418,13879,16539,20820,9302,11518,15724,6638,9086,11749,4691,7058,13204,4385,8819,39.2,37.4,41.2,OH,88694.0,133983.0,1964.0,6214.0,21201.0,7090.0,5220.0,7114.0,9494.0,10011.0,10809.0,7004.0,3128.0,532761.0,256454.0,276307.0,39.4,381909.0,109245.0,10392.0,13960.0,987.0,1076.0,15023.0,518801.0,5614.0,222677.0,45394.0,26392.0,254383.0,31706.0,6018.0,3548.0,573.0,30.1,135392.0,186.0,87670.0,37764.0,19415.0,11689.0,6198.0,935.0,593.0,18349.0,3333.0,2992.0,37835.0,42659.0,41597.0,18556.0,25203.0,8603.0,4882040.0,20697.0,13675.0,13441.0,14415.0,12348.0,12864.0,11541.0,11547.0,9993.0,18155.0,21813.0,24601.0,15353.0,8359.0,7710.0,6165.0,740.0,72300.0,109600.0,166400.0,89686.0,222677.0,87285.0,172349.0,15283.0,6075.0,17107.0,16969.0,11158.0,4827.0,7301.0,3276.0,193.0,1256.0,20161.0,16696.0,17752.0,16158.0,10536.0,7037.0,4625.0,4032.0,9762.0,17788.0,16546.0,14632.0,15191.0,16394.0,18415.0,17306.0,6903.0,9436.0,5294.0,7472.0,8857.0,6661.0,4735.0,4226.0,16073.0,15399.0,16974.0,9994.0,6618.0,4040.0,3692.0,10824.0,18082.0,17201.0,15547.0,16009.0,17403.0,19459.0,19955.0,7345.0,10321.0,6427.0,8744.0,11358.0,9563.0,7392.0,7887.0,391493.0,110098.0,1149.0,10427.0,25847.0,4867.0,5644.0,6228.0,3432.0,52255.0,1640.0,261833.0,238964.0,22869.0,162972.0,426445.0,263473.0,618.0,444.0,6618.0,6074.0,700.0,409.0,26509.0,26310.0,56864.0,75069.0,119582.0,42059.0,5500.0,213678.0,19686.0,37.0,193992.0,61683.0,31785.0,680.0,24275.0,10557.0,61656.0,12700.0,4995.0,31967.0,11237.0,12853.0,27471.0,25306.0,9927.0,5340.0,535.0,10781.0,0.4659,37918.0,16516.0,102861.0,38581.0,26896.0,25984.0,28313.0,139113.0,35599.0,37595.0,5995.0,10712.0,8123.0,1139.0,4804.0,21161.0,16520.0,68454.0,435.0,85956.0,7850.0,22440.0,11085.0,85956.0,15392.0,34598.0,58023.0,44995.0,82331.0,78766.0,28359.0,273933.0,516898.0,526347.0,513609.0,95684.0,58023.0,127311.0,6006.0,7500.0,235180.0,35460.0,56864.0,88659.0,30154.0,29054.0,61697.0,362549.0,10511.0,9660.0,33056.0,227680.0,13960.0,,,,,,,,,,,,
41,Ohio,MONTGOMERY COUNTY,2020,OH,131592,126085,261952,531687,255809,275878,32622,16777,15845,57914,29409,28505,26171,13408,12763,48702,24624,24078,428279,203044,225235,414980,196215,218765,202837,100612,102225,134334,65841,68493,134511,64325,70186,97433,41425,56008,32622,16777,15845,32190,16360,15830,32094,16310,15784,33493,17155,16338,35010,17616,17394,38355,18949,19406,34961,17363,17598,32281,15554,16727,28737,13975,14762,30639,14764,15875,32285,15507,16778,36234,17433,18801,35353,16621,18732,30221,13784,16437,24666,10916,13750,17190,7421,9769,11979,4751,7228,13377,4553,8824,39.2,37.4,41.0,OH,89219.0,134675.0,1964.0,5912.0,19370.0,7245.0,5190.0,6857.0,9907.0,10327.0,10748.0,8087.0,3699.0,532034.0,256154.0,275880.0,39.3,378028.0,108566.0,11184.0,15138.0,1102.0,1365.0,16494.0,516896.0,6355.0,223894.0,49314.0,28807.0,254821.0,30927.0,6188.0,3642.0,611.0,29.0,136552.0,229.0,86742.0,36896.0,19264.0,11651.0,6327.0,804.0,482.0,17632.0,3605.0,3119.0,37316.0,44057.0,42239.0,20192.0,24233.0,9307.0,4972355.0,19018.0,12296.0,12328.0,13095.0,11912.0,12123.0,11171.0,11626.0,9664.0,17735.0,22829.0,25964.0,16824.0,10002.0,9816.0,7491.0,775.0,74200.0,115400.0,173700.0,90441.0,223894.0,87342.0,173272.0,15986.0,5604.0,16877.0,17064.0,10560.0,4799.0,7439.0,3211.0,929.0,1379.0,19882.0,16789.0,16625.0,16825.0,10545.0,6903.0,4793.0,3661.0,9662.0,18358.0,16614.0,15011.0,14403.0,15729.0,17355.0,17522.0,,,5462.0,7754.0,9809.0,6986.0,4604.0,4253.0,15932.0,15147.0,16818.0,9999.0,6571.0,4113.0,3130.0,10780.0,18674.0,17245.0,16094.0,15179.0,16815.0,18426.0,19481.0,7714.0,10640.0,6185.0,9629.0,12277.0,9690.0,7236.0,8105.0,,,,,,,,,,,1685.0,262404.0,243624.0,18780.0,163537.0,427626.0,264089.0,580.0,427.0,6226.0,6156.0,786.0,473.0,24987.0,26401.0,59412.0,77830.0,118680.0,39981.0,6257.0,217089.0,18898.0,41.0,198191.0,63094.0,29135.0,723.0,24875.0,11215.0,61670.0,14198.0,5043.0,32585.0,11028.0,12751.0,27137.0,25905.0,11056.0,5438.0,376.0,11351.0,0.467,40353.0,17634.0,102039.0,35302.0,26053.0,26123.0,27693.0,133787.0,32290.0,36035.0,6093.0,10877.0,7603.0,1179.0,4699.0,20345.0,16301.0,67097.0,205.0,89734.0,7997.0,22029.0,12569.0,89734.0,15230.0,39386.0,54075.0,45199.0,80696.0,80941.0,28877.0,271751.0,514983.0,525276.0,512409.0,89854.0,54075.0,125902.0,5915.0,8327.0,239932.0,36209.0,59412.0,87580.0,29615.0,30752.0,60078.0,363741.0,10724.0,9693.0,33844.0,231605.0,15138.0,,,,,,,,,,,7269.0,9222.0
43,Pennsylvania,ERIE COUNTY,2016,PA,58112,60069,123679,276170,136397,139773,15765,8025,7740,29901,15352,14549,14216,7371,6845,27952,14270,13682,223588,109429,114159,216288,105649,110639,105836,53846,51990,67074,33986,33088,75073,37051,38022,46189,20342,25847,15765,8025,7740,16507,8440,8067,16800,8693,8107,19699,10089,9610,19063,9771,9292,19573,10031,9542,16893,8590,8303,15678,7932,7746,14930,7433,7497,17238,8557,8681,18522,9157,9365,20250,10023,10227,19063,9314,9749,15584,7488,8096,10393,4841,5552,7602,3395,4207,5501,2244,3257,7109,2374,4735,39.4,37.8,41.0,PA,40526.0,69521.0,1961.0,2790.0,9084.0,2940.0,2343.0,2785.0,4404.0,4075.0,4293.0,3387.0,1474.0,279133.0,137741.0,141392.0,38.9,237669.0,18681.0,4281.0,10844.0,631.0,389.0,6545.0,268289.0,2074.0,110047.0,47094.0,25555.0,119931.0,9884.0,2728.0,1583.0,546.0,29.7,72472.0,158.0,42639.0,18729.0,10572.0,6176.0,3564.0,404.0,428.0,8157.0,1563.0,1352.0,23610.0,23783.0,20008.0,7518.0,11837.0,3745.0,2332655.0,8947.0,6262.0,6749.0,6642.0,6554.0,5908.0,5959.0,5635.0,5076.0,9392.0,11436.0,13223.0,7826.0,4050.0,3316.0,3072.0,701.0,80200.0,120300.0,183000.0,50033.0,110047.0,37575.0,78542.0,4437.0,10412.0,6931.0,3951.0,3052.0,2085.0,3839.0,6647.0,291.0,1537.0,9417.0,8155.0,8842.0,8891.0,5667.0,4723.0,2340.0,2193.0,5977.0,9882.0,8526.0,7808.0,7947.0,8861.0,9768.0,10296.0,3752.0,5014.0,2914.0,3626.0,4862.0,3530.0,2093.0,2074.0,7867.0,8406.0,8180.0,5289.0,4737.0,2232.0,2247.0,5638.0,9341.0,8221.0,7678.0,8150.0,8940.0,9886.0,10970.0,3888.0,4872.0,3022.0,4273.0,5353.0,4436.0,3408.0,4358.0,243823.0,19863.0,772.0,4307.0,17212.0,1988.0,2395.0,2103.0,1639.0,22140.0,131.0,137838.0,128087.0,9751.0,86887.0,224856.0,137969.0,177.0,129.0,1194.0,982.0,466.0,292.0,16638.0,17558.0,33251.0,42117.0,61297.0,18381.0,2019.0,113081.0,12878.0,0.0,100203.0,28592.0,11970.0,1375.0,14308.0,5855.0,34515.0,8180.0,1918.0,22594.0,5834.0,4164.0,13771.0,8508.0,4340.0,2725.0,81.0,4258.0,0.4573,17371.0,12727.0,74726.0,20285.0,13924.0,13583.0,14105.0,70047.0,17269.0,16766.0,2905.0,6201.0,3252.0,742.0,2409.0,16220.0,5962.0,37691.0,140.0,43708.0,4771.0,11902.0,6942.0,43708.0,9155.0,20045.0,29968.0,25211.0,42182.0,39944.0,11761.0,143800.0,266721.0,276245.0,269597.0,44452.0,29968.0,45635.0,5015.0,4601.0,126154.0,15708.0,33251.0,65731.0,10340.0,12946.0,19587.0,187749.0,4383.0,3742.0,22927.0,121553.0,10844.0,,,,,,,,,,,,
44,Pennsylvania,ERIE COUNTY,2020,PA,68286,66869,137083,269728,133330,136398,15052,7712,7340,28620,14620,14000,13344,6947,6397,26119,13377,12742,219453,107593,111860,212712,104051,108661,101889,52033,49856,65731,33391,32340,70612,34834,35778,50250,22449,27801,15052,7712,7340,15453,7900,7553,16472,8402,8070,18627,9577,9050,17531,9065,8466,17739,9120,8619,17384,8889,8495,16073,8117,7956,14535,7265,7270,15777,7820,7957,16848,8375,8473,18601,9151,9450,19386,9488,9898,16767,8030,8737,12276,5818,6458,8597,3815,4782,5785,2428,3357,6825,2358,4467,40.2,38.7,41.8,PA,40955.0,69095.0,1961.0,2684.0,8927.0,2684.0,2100.0,2819.0,4371.0,4390.0,4539.0,3389.0,1734.0,275972.0,136256.0,139716.0,39.4,233112.0,18972.0,4560.0,11367.0,575.0,751.0,6589.0,264605.0,2385.0,110050.0,49716.0,27349.0,121124.0,11074.0,3153.0,1522.0,578.0,28.9,72413.0,197.0,41842.0,18159.0,10180.0,5982.0,3374.0,442.0,382.0,7979.0,1698.0,1543.0,22800.0,24100.0,19293.0,8079.0,11774.0,3842.0,2367225.0,8318.0,5621.0,6311.0,6488.0,6416.0,6135.0,5646.0,5120.0,5260.0,8990.0,11505.0,12721.0,8733.0,4945.0,4165.0,3676.0,737.0,83600.0,130000.0,195100.0,49390.0,110050.0,37637.0,79764.0,4805.0,10246.0,6762.0,4047.0,2790.0,2311.0,3799.0,6578.0,639.0,1922.0,9188.0,7980.0,8676.0,8571.0,5540.0,4557.0,1955.0,1781.0,6114.0,9733.0,8573.0,7901.0,7608.0,8498.0,9148.0,9949.0,,,3097.0,4097.0,5187.0,3333.0,2349.0,2333.0,7681.0,7854.0,8358.0,5176.0,4504.0,2155.0,1961.0,5145.0,9393.0,8335.0,7488.0,7888.0,8597.0,9339.0,10707.0,3972.0,5224.0,3246.0,4635.0,5758.0,4397.0,3341.0,4562.0,,,,,,,,,,,161.0,134836.0,126884.0,7952.0,87865.0,222862.0,134997.0,194.0,141.0,1106.0,989.0,479.0,341.0,15679.0,17612.0,33581.0,41694.0,59836.0,17896.0,2338.0,112218.0,13454.0,0.0,98764.0,26770.0,13582.0,1285.0,14495.0,6328.0,34773.0,8341.0,1810.0,20882.0,6023.0,4020.0,13308.0,8455.0,4472.0,2692.0,110.0,4685.0,0.4578,18416.0,12943.0,73342.0,20731.0,13429.0,13524.0,13506.0,67886.0,16604.0,16404.0,2957.0,5910.0,3175.0,930.0,2293.0,15800.0,5806.0,36871.0,137.0,43504.0,5034.0,12380.0,7348.0,43504.0,9293.0,20028.0,27877.0,26182.0,40849.0,39848.0,12288.0,141629.0,263369.0,272943.0,266620.0,42812.0,27877.0,46221.0,4540.0,4539.0,124903.0,16836.0,33581.0,63647.0,10800.0,14152.0,18585.0,187964.0,4667.0,3979.0,21830.0,120364.0,11367.0,,,,,,,,,,,3667.0,5609.0
46,Pennsylvania,NORTHAMPTON COUNTY,2016,PA,66272,71736,143519,301307,148360,152947,14810,7721,7089,30841,15841,15000,15203,7833,7370,30324,15957,14367,248060,120859,127201,240453,116965,123488,111855,57172,54683,70014,35289,34725,85229,41796,43433,54886,23923,30963,14810,7721,7089,16321,8389,7932,18206,9359,8847,20962,10942,10020,20879,10941,9938,17753,9321,8432,17321,8781,8540,17314,8514,8800,17626,8673,8953,20209,10042,10167,22111,10935,11176,22757,11057,11700,20152,9762,10390,17709,8436,9273,12597,5866,6731,8848,3908,4940,6737,2725,4012,8995,2988,6007,42.1,40.1,43.9,PA,34735.0,78084.0,1966.0,1658.0,7507.0,3361.0,2099.0,3107.0,3953.0,4012.0,3216.0,2582.0,1049.0,300520.0,147510.0,153010.0,41.9,235672.0,13725.0,8120.0,36294.0,305.0,726.0,5649.0,264226.0,2775.0,112819.0,62753.0,31086.0,121207.0,8388.0,1563.0,959.0,816.0,31.0,80275.0,320.0,54069.0,18135.0,11751.0,7683.0,3729.0,276.0,63.0,6384.0,1726.0,1549.0,18770.0,21174.0,20245.0,9997.0,17846.0,8850.0,3862995.0,4644.0,4663.0,4821.0,5363.0,5025.0,5326.0,4696.0,5043.0,4823.0,9521.0,11820.0,16138.0,11716.0,6639.0,6892.0,5689.0,969.0,147700.0,207700.0,290600.0,60236.0,112819.0,32544.0,72463.0,22896.0,5354.0,5012.0,4178.0,2757.0,2040.0,3433.0,2984.0,339.0,1372.0,6412.0,7883.0,9060.0,9080.0,5898.0,5133.0,2653.0,2504.0,5714.0,9000.0,8451.0,8456.0,9202.0,10464.0,11248.0,11019.0,4013.0,5245.0,3358.0,4362.0,5370.0,4001.0,2917.0,2479.0,7317.0,7842.0,9370.0,5546.0,4529.0,2207.0,2232.0,5235.0,8338.0,8601.0,8679.0,9654.0,10658.0,11585.0,11181.0,4198.0,6225.0,3399.0,4986.0,6439.0,4662.0,3911.0,6216.0,259549.0,15282.0,1132.0,8132.0,13074.0,4025.0,4106.0,10017.0,6108.0,25798.0,27.0,157121.0,146620.0,10501.0,88925.0,246073.0,157148.0,507.0,387.0,1122.0,581.0,2053.0,1186.0,17875.0,17939.0,37060.0,47975.0,61996.0,13800.0,2689.0,129738.0,10302.0,10.0,119436.0,26546.0,9718.0,1085.0,12830.0,7533.0,37347.0,9165.0,2955.0,21499.0,6879.0,4858.0,17360.0,13164.0,7662.0,4283.0,183.0,8085.0,0.4307,21006.0,10856.0,73199.0,12531.0,13089.0,15001.0,14949.0,73114.0,19445.0,19950.0,3405.0,7038.0,3998.0,740.0,2499.0,15864.0,8445.0,41989.0,239.0,51506.0,3431.0,8427.0,8619.0,51506.0,12045.0,21555.0,36032.0,25482.0,34195.0,43904.0,18208.0,156217.0,289531.0,297634.0,291413.0,26379.0,36032.0,57102.0,3657.0,4868.0,143423.0,18897.0,37060.0,66026.0,13757.0,15338.0,24448.0,208317.0,8131.0,16125.0,17417.0,138555.0,36294.0,,,,,,,,,,,,
47,Pennsylvania,NORTHAMPTON COUNTY,2020,PA,85006,83796,170802,305285,150230,155055,14514,7409,7105,30533,15661,14872,15168,7796,7372,29740,15738,14002,252718,123278,129440,245070,119364,125706,113729,58191,55538,72524,36550,35974,83181,40806,42375,59625,26270,33355,14514,7409,7105,16130,8336,7794,18106,9218,8888,21155,11017,10138,20050,10624,9426,18471,9561,8910,18626,9455,9171,18173,9152,9021,17254,8382,8872,19008,9399,9609,20670,10175,10495,22158,10938,11220,21345,10294,11051,17965,8565,9400,15172,7019,8153,10411,4671,5740,6967,2927,4040,9110,3088,6022,42.1,40.2,44.0,PA,35969.0,78154.0,1966.0,1459.0,7130.0,3390.0,2065.0,3126.0,3504.0,4185.0,3756.0,2731.0,944.0,301778.0,148366.0,153412.0,42.1,233249.0,14691.0,8206.0,38717.0,345.0,497.0,5977.0,263061.0,2716.0,114123.0,67565.0,34017.0,122862.0,8739.0,1814.0,749.0,867.0,30.5,81833.0,259.0,54133.0,17448.0,11577.0,7713.0,3501.0,270.0,93.0,5871.0,1686.0,1467.0,17406.0,21304.0,21318.0,10710.0,17951.0,9234.0,3916780.0,4356.0,4226.0,4886.0,5038.0,4397.0,4881.0,4662.0,5164.0,4072.0,8968.0,12457.0,15987.0,12103.0,7662.0,7778.0,7486.0,1046.0,152800.0,214200.0,297500.0,60553.0,114123.0,32290.0,72757.0,24394.0,5706.0,4684.0,3855.0,2612.0,2612.0,3397.0,2761.0,1169.0,1701.0,6648.0,7692.0,8712.0,9085.0,5937.0,5124.0,2635.0,2211.0,6001.0,9360.0,8795.0,8359.0,8924.0,9985.0,10861.0,10940.0,,,3492.0,4994.0,5695.0,4303.0,2778.0,2631.0,7159.0,7727.0,9188.0,5552.0,4452.0,2185.0,2115.0,5413.0,8603.0,8616.0,8943.0,9016.0,10186.0,11173.0,11175.0,4445.0,6406.0,3632.0,5257.0,7098.0,5349.0,3687.0,6035.0,,,,,,,,,,,37.0,157256.0,148960.0,8296.0,90916.0,248209.0,157293.0,515.0,420.0,1140.0,728.0,2197.0,1307.0,16812.0,18162.0,39020.0,49828.0,61052.0,13310.0,2433.0,130939.0,9891.0,80.0,121048.0,27340.0,8431.0,950.0,13452.0,8622.0,38295.0,8660.0,3240.0,20829.0,6213.0,4810.0,17698.0,13224.0,8523.0,4444.0,143.0,9170.0,0.4392,22444.0,11160.0,73305.0,12460.0,12730.0,14644.0,14906.0,72583.0,19291.0,19820.0,3486.0,7500.0,3918.0,941.0,2483.0,15674.0,7636.0,41638.0,185.0,52904.0,3172.0,7816.0,8981.0,52904.0,12554.0,23115.0,34653.0,25734.0,34262.0,44702.0,18173.0,155639.0,290309.0,299125.0,292907.0,26465.0,34653.0,56001.0,3649.0,6435.0,146233.0,19464.0,39020.0,65784.0,12505.0,16623.0,24032.0,210590.0,8535.0,16050.0,17290.0,139798.0,38717.0,,,,,,,,,,,3969.0,5883.0
49,Wisconsin,DOOR COUNTY,2016,WI,8026,8584,17608,27338,13483,13855,1029,522,507,2373,1255,1118,1133,541,592,1695,905,790,23371,11436,11935,22803,11165,11638,7498,3849,3649,4958,2534,2424,8479,4176,4303,7671,3550,4121,1029,522,507,1260,659,601,1401,727,674,1323,661,662,1217,654,563,1095,564,531,1168,566,602,1354,710,644,1341,694,647,1490,758,732,1926,949,977,2489,1224,1265,2574,1245,1329,2705,1305,1400,1896,918,978,1291,630,661,884,386,498,895,311,584,52.8,51.4,54.0,WI,4455.0,8568.0,1980.0,369.0,484.0,142.0,158.0,314.0,295.0,230.0,416.0,279.0,63.0,27669.0,13651.0,14018.0,52.2,26179.0,141.0,143.0,762.0,153.0,0.0,291.0,26907.0,57.0,13023.0,53980.0,32767.0,24344.0,11321.0,1424.0,216.0,603.0,28.4,10273.0,101.0,5827.0,1297.0,981.0,695.0,238.0,45.0,3.0,316.0,101.0,73.0,2424.0,1677.0,1303.0,441.0,885.0,552.0,220250.0,703.0,456.0,653.0,709.0,770.0,581.0,775.0,700.0,507.0,1504.0,1454.0,1822.0,998.0,525.0,406.0,460.0,720.0,132900.0,201900.0,324000.0,7431.0,13023.0,2750.0,18104.0,436.0,929.0,974.0,1351.0,400.0,259.0,515.0,1376.0,67.0,507.0,1323.0,518.0,622.0,749.0,422.0,276.0,100.0,133.0,389.0,579.0,665.0,772.0,707.0,778.0,1059.0,1178.0,457.0,851.0,622.0,697.0,752.0,560.0,420.0,345.0,541.0,452.0,852.0,437.0,208.0,86.0,82.0,359.0,543.0,667.0,462.0,845.0,792.0,1101.0,1094.0,468.0,1062.0,530.0,816.0,830.0,605.0,546.0,640.0,26775.0,176.0,153.0,145.0,2689.0,184.0,286.0,237.0,219.0,2923.0,71.0,13903.0,13088.0,815.0,9707.0,23681.0,13974.0,0.0,31.0,0.0,2.0,11.0,6.0,1821.0,2410.0,4319.0,3786.0,4593.0,662.0,44.0,11566.0,1080.0,0.0,10486.0,2265.0,702.0,383.0,1772.0,960.0,2266.0,581.0,202.0,2426.0,593.0,553.0,1628.0,960.0,487.0,277.0,25.0,880.0,0.4421,2398.0,374.0,6971.0,1351.0,952.0,1143.0,1340.0,4999.0,884.0,1365.0,393.0,724.0,361.0,51.0,225.0,1623.0,946.0,4323.0,60.0,4308.0,229.0,439.0,386.0,4308.0,1335.0,2064.0,3091.0,2290.0,3881.0,5659.0,2164.0,14080.0,27296.0,27379.0,26997.0,2451.0,3091.0,6390.0,458.0,658.0,12917.0,2000.0,4319.0,6359.0,1712.0,1724.0,2678.0,21443.0,470.0,456.0,4051.0,12259.0,762.0,,,,,,,,,,,,
50,Wisconsin,DOOR COUNTY,2020,WI,10044,9752,20117,27668,13684,13984,1089,559,530,2253,1173,1080,1155,593,562,1560,810,750,23752,11643,12109,23171,11359,11812,7572,3885,3687,5129,2622,2507,8045,3948,4097,8437,3979,4458,1089,559,530,1128,602,526,1397,711,686,1348,705,643,1095,558,537,1215,627,588,1156,590,566,1383,683,700,1375,722,653,1426,720,706,1642,813,829,2288,1120,1168,2689,1295,1394,2850,1398,1452,2220,1065,1155,1509,729,780,955,461,494,903,326,577,53.8,52.2,55.1,WI,4211.0,8985.0,1980.0,360.0,432.0,172.0,144.0,391.0,292.0,213.0,386.0,396.0,132.0,27439.0,13535.0,13904.0,52.4,25812.0,143.0,137.0,819.0,199.0,34.0,295.0,26620.0,51.0,13196.0,58287.0,36155.0,24717.0,11521.0,1460.0,142.0,630.0,27.6,10278.0,135.0,5670.0,1208.0,990.0,737.0,232.0,18.0,3.0,218.0,52.0,52.0,2442.0,1718.0,1214.0,490.0,751.0,631.0,221760.0,608.0,419.0,552.0,552.0,785.0,631.0,662.0,822.0,533.0,1306.0,1591.0,1851.0,1188.0,548.0,596.0,552.0,770.0,137600.0,207100.0,341000.0,7607.0,13196.0,2918.0,18508.0,298.0,1074.0,941.0,1151.0,571.0,220.0,532.0,1422.0,304.0,550.0,1316.0,492.0,613.0,757.0,400.0,232.0,77.0,143.0,371.0,638.0,632.0,803.0,685.0,749.0,929.0,1115.0,,,578.0,783.0,848.0,605.0,450.0,294.0,532.0,495.0,774.0,437.0,197.0,62.0,49.0,431.0,533.0,677.0,541.0,769.0,728.0,1007.0,1186.0,450.0,904.0,605.0,802.0,969.0,646.0,482.0,628.0,,,,,,,,,,,68.0,13998.0,13445.0,553.0,9471.0,23537.0,14066.0,4.0,18.0,0.0,0.0,25.0,16.0,1638.0,2388.0,4349.0,3784.0,4500.0,794.0,41.0,11661.0,1039.0,0.0,10622.0,2205.0,862.0,364.0,1715.0,1072.0,2423.0,612.0,157.0,2428.0,774.0,423.0,1689.0,896.0,633.0,259.0,0.0,1008.0,0.4384,2523.0,355.0,6652.0,1165.0,1066.0,1114.0,1205.0,4684.0,761.0,1293.0,481.0,722.0,391.0,39.0,200.0,1491.0,810.0,4134.0,4.0,4363.0,290.0,490.0,411.0,4363.0,1559.0,2407.0,2769.0,2347.0,3884.0,5672.0,2142.0,13687.0,27101.0,27209.0,26783.0,2236.0,2769.0,6560.0,480.0,832.0,13196.0,1986.0,4349.0,6013.0,1651.0,1697.0,2923.0,21377.0,420.0,468.0,4230.0,12364.0,819.0,,,,,,,,,,,548.0,793.0
52,Wisconsin,SAUK COUNTY,2016,WI,14692,14791,31318,63614,31731,31883,3824,1991,1833,7367,3767,3600,3369,1728,1641,4950,2555,2395,50723,25083,25640,49054,24245,24809,22670,11689,10981,15210,7862,7348,17778,8870,8908,11116,4958,6158,3824,1991,1833,4100,2112,1988,4126,2111,2015,3861,1969,1892,3599,1858,1741,3523,1846,1677,4059,2070,1989,3935,2058,1877,3693,1888,1805,4157,2120,2037,4601,2262,2339,4722,2351,2371,4298,2137,2161,3725,1793,1932,2626,1229,1397,1866,860,1006,1291,570,721,1608,506,1102,41.2,39.6,42.6,WI,8775.0,16518.0,1982.0,598.0,1366.0,708.0,530.0,742.0,757.0,1157.0,1130.0,743.0,241.0,63317.0,31647.0,31670.0,41.4,57957.0,370.0,437.0,3011.0,740.0,49.0,753.0,60306.0,59.0,25293.0,53225.0,26736.0,29864.0,4571.0,378.0,430.0,630.0,27.7,17321.0,29.0,11058.0,4634.0,3251.0,2395.0,726.0,79.0,51.0,1383.0,462.0,445.0,5452.0,3899.0,3690.0,1775.0,2385.0,2138.0,671195.0,1177.0,1220.0,1420.0,1317.0,1464.0,1540.0,1209.0,1263.0,1143.0,2492.0,3110.0,3710.0,1840.0,1013.0,845.0,530.0,738.0,112300.0,169500.0,246200.0,13146.0,25293.0,7972.0,20116.0,847.0,1658.0,1123.0,1666.0,1093.0,892.0,511.0,1921.0,114.0,448.0,1164.0,1977.0,2328.0,2016.0,1300.0,795.0,429.0,356.0,926.0,1912.0,2048.0,2024.0,1969.0,2116.0,2293.0,2295.0,819.0,1309.0,695.0,977.0,1163.0,900.0,472.0,528.0,1890.0,2168.0,1735.0,1197.0,673.0,334.0,364.0,888.0,1670.0,1918.0,1722.0,1980.0,2117.0,2496.0,2280.0,915.0,1261.0,856.0,1035.0,1235.0,909.0,845.0,1182.0,60137.0,390.0,742.0,437.0,6033.0,639.0,862.0,1433.0,609.0,4706.0,9.0,34768.0,33104.0,1664.0,15689.0,50466.0,34777.0,13.0,11.0,8.0,44.0,96.0,63.0,4237.0,4267.0,6708.0,7787.0,14611.0,2957.0,39.0,29625.0,3309.0,8.0,26316.0,5901.0,1685.0,1260.0,5030.0,1994.0,6311.0,1598.0,305.0,5510.0,1402.0,1076.0,4696.0,2128.0,961.0,833.0,54.0,1655.0,0.4079,3101.0,916.0,16089.0,3442.0,3495.0,2941.0,3310.0,13959.0,2112.0,4004.0,838.0,1237.0,525.0,205.0,762.0,3267.0,1998.0,8832.0,6.0,9613.0,679.0,1440.0,907.0,9613.0,3476.0,5383.0,8070.0,6562.0,8053.0,10396.0,3749.0,33144.0,62383.0,62659.0,61004.0,6933.0,8070.0,14039.0,1143.0,1221.0,32661.0,4618.0,6708.0,14299.0,3422.0,2289.0,5999.0,43941.0,1501.0,2042.0,8558.0,31440.0,3011.0,,,,,,,,,,,,
53,Wisconsin,SAUK COUNTY,2020,WI,18103,17489,36249,64442,32086,32356,3829,1955,1874,7418,3819,3599,3370,1716,1654,4741,2415,2326,51548,25497,26051,49825,24596,25229,22810,11663,11147,15501,7923,7578,17302,8664,8638,12281,5594,6687,3829,1955,1874,4020,2043,1977,4200,2167,2033,3866,2029,1837,3443,1711,1732,3693,1888,1805,3863,1961,1902,4261,2204,2057,3684,1870,1814,3949,2018,1931,4064,2036,2028,4778,2333,2445,4511,2277,2234,4051,1998,2053,3144,1522,1622,2148,982,1166,1376,593,783,1562,499,1063,41.3,40.2,42.6,WI,9272.0,16906.0,1982.0,527.0,1634.0,635.0,417.0,775.0,704.0,1020.0,1143.0,946.0,362.0,63596.0,31747.0,31849.0,41.2,58000.0,503.0,416.0,3128.0,655.0,28.0,866.0,60468.0,50.0,26178.0,56732.0,29608.0,30295.0,4117.0,402.0,349.0,656.0,27.5,18015.0,80.0,11380.0,4566.0,3253.0,2355.0,775.0,113.0,10.0,1313.0,504.0,483.0,5291.0,3741.0,3578.0,2122.0,2492.0,2103.0,692330.0,1045.0,1056.0,1495.0,1216.0,1472.0,1588.0,1195.0,1269.0,1073.0,2320.0,2888.0,3885.0,2575.0,1230.0,1143.0,728.0,780.0,120600.0,174500.0,261800.0,13260.0,26178.0,8163.0,20436.0,767.0,1710.0,1319.0,1470.0,1305.0,912.0,543.0,1776.0,312.0,594.0,1051.0,1969.0,2318.0,1947.0,1295.0,745.0,533.0,309.0,955.0,1809.0,2044.0,2048.0,1951.0,2095.0,2213.0,2293.0,,,751.0,1161.0,1142.0,903.0,518.0,517.0,1859.0,2251.0,1735.0,1204.0,599.0,394.0,228.0,1016.0,1672.0,2075.0,1957.0,1812.0,2024.0,2285.0,2346.0,880.0,1322.0,786.0,1113.0,1404.0,1038.0,754.0,1095.0,,,,,,,,,,,26.0,35191.0,34048.0,1143.0,15514.0,50731.0,35217.0,36.0,11.0,35.0,55.0,106.0,65.0,4073.0,4354.0,7256.0,8404.0,14578.0,2699.0,39.0,30422.0,3270.0,0.0,27152.0,6185.0,2191.0,1340.0,4852.0,2278.0,6869.0,1539.0,501.0,5586.0,1244.0,1109.0,4386.0,2291.0,1175.0,878.0,35.0,1872.0,0.415,3287.0,859.0,15237.0,3434.0,3549.0,2888.0,3265.0,13953.0,1981.0,4126.0,993.0,1286.0,574.0,122.0,843.0,3123.0,1891.0,8832.0,6.0,10893.0,735.0,1365.0,1047.0,10893.0,3712.0,5942.0,6877.0,6624.0,8014.0,10602.0,4325.0,33057.0,62601.0,62942.0,61414.0,6520.0,6877.0,14333.0,1166.0,1464.0,33653.0,5010.0,7256.0,13361.0,3460.0,2459.0,5863.0,44239.0,1861.0,2136.0,8865.0,32189.0,3128.0,,,,,,,,,,,906.0,1325.0
